repository_organization,Repos,ReposWhichAreForks,PushEvents,Pushers,FirstPush,LastPush,PushDurationDays,repository_homepages,repository_owners,repository_languages,WatchEvents,ForkEvents,IssuesEvents,IssueCommentEvents,ReleaseEvents,DownloadEvents,PullRequestsClosed,PullRequestsMerged,SO_repos_linked_to,SO_posts_linking_to_orgs_repos,SO_answers_linking_to_orgs_repos,org_created,blog,FirstEvent,EarlyEvents,MinsTo20Events,First20_Creates,First20_Forks,First20_Pushes,First20_WatchEvents,First20_IssueEvents,First20_PullREquests,First20_DistinctRepos,First20_OtherEvents,Event20Time,type
0x42c,2,0,43,2,1.339883182E9,1.362192844E9,259.0,0,1,1,9,10,7,2,,0,6,5,0,0,0,1000-01-01 00:00:00,,,0,0.0,0,0,0,0,0,0,0,0,0000-00-00 00:00:00,1.0
0xC3,5,0,19,2,1.332416567E9,1.357399511E9,290.0,1,1,2,1,5,0,0,,0,0,0,0,0,0,1000-01-01 00:00:00,,,0,0.0,0,0,0,0,0,0,0,0,0000-00-00 00:00:00,1.0
,,,,,,,,,,,,,,,,,,,,,,,,,,,,,,,,,,,,
320press,2,0,88,2,1.333684469E9,1.383267669E9,574.0,2,1,2,1483,581,184,287,,10,53,41,0,0,0,2011-12-02 00:00:00,http://320press.com,,0,0.0,0,0,0,0,0,0,0,0,0000-00-00 00:00:00,3.0
,,,,,,,,,,,,,,,,,,,,,,,,,,,,,,,,,,,,
88mph,1,0,22,1,1.340276802E9,1.343248716E9,35.0,2,1,1,10,0,2,0,,0,0,0,0,0,0,2010-06-01 00:00:00,http://88mph.com,,0,0.0,0,0,0,0,0,0,0,0,0000-00-00 00:00:00,1.0
ALASdoo,2,0,48,1,1.364818208E9,1.369826493E9,58.0,0,1,2,0,0,0,0,,0,0,0,0,0,0,2013-03-02 00:00:00,http://alasdoo.com,,0,0.0,0,0,0,0,0,0,0,0,0000-00-00 00:00:00,3.0
AOSP-TD,32,105,150,8,1.383771213E9,1.385318644E9,18.0,1,1,4,0,0,0,0,,0,0,3,0,0,0,2013-11-00 00:00:00,http://goo.gl/HLVBsj,,20,71.83,20,1,0,0,0,0,10,20,2013-11-06 03:41:19,2.0
AhuraLab,9,1,79,2,1.350835878E9,1.382306162E9,365.0,1,1,1,0,0,3,0,3,0,0,0,0,0,0,2012-10-01 00:00:00,http://www.ahuralab.com,,3,90566.1,0,2,3,0,0,0,2,0,2012-12-23 12:37:24,2.0
AllInOne,1,0,1007,2,1.334807515E9,1.361634297E9,311.0,0,1,1,4,5,0,0,,0,0,0,0,0,0,1000-01-01 00:00:00,,,0,0.0,0,0,0,0,0,0,0,0,0000-00-00 00:00:00,1.0
Anacode,6,4,218,2,1.332396373E9,1.385100368E9,610.0,3,1,3,3,3,0,0,,0,0,0,0,0,0,2011-06-02 00:00:00,http://www.sanger.ac.uk/resources/software/otterlace/,,0,0.0,0,0,0,0,0,0,0,0,0000-00-00 00:00:00,3.0
AntaniCraft,4,1,87,3,1.370443808E9,1.383489043E9,151.0,1,1,2,0,0,0,0,,0,0,0,0,0,0,2013-06-00 00:00:00,,,20,3001.07,2,0,18,0,0,0,1,2,2013-06-07 16:36:03,2.0
ArtFireCom,8,10,21,2,1.357759487E9,1.37650193E9,217.0,3,1,4,1,0,0,0,,0,0,0,0,0,0,2012-12-01 00:00:00,http://www.artfire.com,,0,0.0,0,0,0,0,0,0,0,0,0000-00-00 00:00:00,3.0
AssassinJS,3,1,172,2,1.362492039E9,1.384513155E9,255.0,1,1,1,1,3,0,0,,0,0,0,0,0,0,2013-03-00 00:00:00,,,20,2844.13,6,1,13,1,0,0,1,6,2013-03-07 13:13:09,1.0
Assembla,6,8,25,5,1.346234766E9,1.372836014E9,308.0,5,2,2,1,2,0,0,,0,1,1,0,0,0,2010-12-00 00:00:00,www.assembla.com,,0,0.0,0,0,0,0,0,0,0,0,0000-00-00 00:00:00,3.0
Atc-it,1,2,17,1,1.377692849E9,1.383655201E9,70.0,0,1,1,0,0,0,0,,0,0,0,0,0,0,2012-10-02 00:00:00,atc-it.fr,,0,0.0,0,0,0,0,0,0,0,0,0000-00-00 00:00:00,3.0
AugustineIdeas,2,0,25,2,1.362011544E9,1.367855412E9,68.0,0,1,1,0,0,0,0,,0,0,0,0,0,0,2012-01-03 00:00:00,,,0,0.0,0,0,0,0,0,0,0,0,0000-00-00 00:00:00,1.0
BBC,7,2,166,4,1.33227917E9,1.380031029E9,553.0,2,1,2,113,26,65,68,,0,32,25,0,0,0,2011-06-00 00:00:00,http://www.bbc.co.uk/blogs/internet,,0,0.0,0,0,0,0,0,0,0,0,0000-00-00 00:00:00,3.0
BCTS,4,0,7,2,1.36943182E9,1.382753216E9,155.0,0,1,1,0,0,0,0,,0,0,0,0,0,0,1000-01-01 00:00:00,,,0,0.0,0,0,0,0,0,0,0,0,0000-00-00 00:00:00,1.0
BINARYIMAGES,4,0,11,3,1.382632898E9,1.383980447E9,16.0,0,1,1,0,0,0,0,,0,0,0,0,0,0,1000-01-01 00:00:00,,,0,0.0,0,0,0,0,0,0,0,0,0000-00-00 00:00:00,1.0
BLEUROY-HIGHCO,3,1,70,3,1.332765697E9,1.384942179E9,604.0,1,1,2,22,9,6,48,,0,15,16,0,0,0,2011-11-02 00:00:00,http://www.bleuroy.com,,0,0.0,0,0,0,0,0,0,0,0,0000-00-00 00:00:00,3.0
BabylonJS,2,0,85,3,1.37237236E9,1.383896261E9,134.0,0,1,1,0,0,0,0,13,0,0,8,0,0,0,2013-06-02 00:00:00,http://www.babylonjs.com,,20,695.1,2,0,3,13,0,0,1,2,2013-06-28 08:15:48,3.0
BaksVenture,1,0,66,2,1.331880405E9,1.337759449E9,69.0,1,1,2,0,3,0,0,,0,0,0,0,0,0,1000-01-01 00:00:00,,,0,0.0,0,0,0,0,0,0,0,0,0000-00-00 00:00:00,1.0
Baralga,2,0,47,1,1.331751135E9,1.381687501E9,578.0,2,1,3,17,9,0,0,4,0,0,2,0,0,0,2012-02-02 00:00:00,http://baralga.github.com,,0,0.0,0,0,0,0,0,0,0,0,0000-00-00 00:00:00,2.0
BaseCaseGmbH,2,2,4,2,1.33908693E9,1.370513741E9,364.0,2,1,1,0,0,0,0,,0,0,0,0,0,0,2012-04-02 00:00:00,basecase.com,,1,0.0,0,3,1,0,0,0,1,0,2012-06-07 16:35:30,3.0
Battrick,2,0,7,1,1.339418172E9,1.354743419E9,178.0,1,1,1,0,0,8,16,,0,0,0,0,0,0,1000-01-01 00:00:00,,,0,0.0,0,0,0,0,0,0,0,0,0000-00-00 00:00:00,
Bevenour-Studios,3,4,7,1,1.372458367E9,1.381104265E9,101.0,2,1,1,0,0,0,0,3,0,0,0,0,0,0,2013-06-02 00:00:00,,,4,1472.45,0,2,3,1,0,0,2,0,2013-06-29 22:58:34,1.0
BookingApp,1,0,6,2,1.346699126E9,1.360129371E9,156.0,0,1,1,0,1,0,0,,0,1,1,0,0,0,1000-01-01 00:00:00,,,0,0.0,0,0,0,0,0,0,0,0,0000-00-00 00:00:00,1.0
BookingBug,7,7,52,5,1.359732991E9,1.380535664E9,241.0,2,1,1,0,0,0,0,,0,0,1,0,0,0,1000-01-01 00:00:00,,,0,0.0,0,0,0,0,0,0,0,0,0000-00-00 00:00:00,1.0
BrainStation-23,1,0,57,1,1.359711317E9,1.381310101E9,250.0,1,1,1,0,0,4,2,,0,0,0,0,0,0,2013-01-02 00:00:00,http://www.brainstation-23.com/,,20,4242.37,3,0,13,0,2,0,1,3,2013-02-04 07:24:41,3.0
BrandQuestDeveloper,1,0,31,2,1.376255686E9,1.382129808E9,68.0,0,1,1,0,0,0,0,,0,0,0,0,0,0,1000-01-01 00:00:00,,,0,0.0,0,0,0,0,0,0,0,0,0000-00-00 00:00:00,1.0
BukkTuts,8,1,34,5,1.365294674E9,1.38492571E9,228.0,0,1,1,0,4,0,0,,0,2,2,0,0,0,1000-01-01 00:00:00,,,0,0.0,0,0,0,0,0,0,0,0,0000-00-00 00:00:00,1.0
C4G,3,0,767,5,1.346250895E9,1.382202947E9,417.0,1,2,3,12,6,227,9,,0,1,4,1,3,0,2012-08-02 00:00:00,http://www.cc.gatech.edu/about/advancing/c4g/,,20,4304.42,1,0,3,1,15,0,1,1,2012-09-01 13:52:11,3.0
CDandCo,7,0,33,2,1.333576205E9,1.335188493E9,19.0,7,1,2,0,0,0,0,,0,0,0,0,0,0,2012-03-02 00:00:00,,,0,0.0,0,0,0,0,0,0,0,0,0000-00-00 00:00:00,1.0
CNMAT,6,1,407,7,1.346274126E9,1.385162798E9,451.0,1,1,3,15,8,0,0,,0,2,7,0,0,0,1000-01-01 00:00:00,,,0,0.0,0,0,0,0,0,0,0,0,0000-00-00 00:00:00,2.0
COSI-Lab,4,0,66,4,1.381197053E9,1.385060524E9,45.0,1,1,2,0,0,0,0,,0,0,0,0,0,0,1000-01-01 00:00:00,,,0,0.0,0,0,0,0,0,0,0,0,0000-00-00 00:00:00,1.0
CSCE242,2,0,19,1,1.347890374E9,1.35445614E9,76.0,0,1,1,4,2,0,1,,0,1,1,0,0,0,2012-05-01 00:00:00,http://www.csce242.com,,0,0.0,0,0,0,0,0,0,0,0,0000-00-00 00:00:00,3.0
Capital-Laravel-Group,2,0,5,1,1.37411233E9,1.382128091E9,93.0,1,1,1,0,0,0,0,,0,0,0,0,0,0,2013-07-01 00:00:00,http://www.meetup.com/Capital-Laravel-Group/,,0,0.0,0,0,0,0,0,0,0,0,0000-00-00 00:00:00,3.0
Chiru,8,1,1243,15,1.33164283E9,1.384862122E9,616.0,1,1,5,6,4,1,0,,0,0,0,0,0,0,1000-01-01 00:00:00,,,0,0.0,0,0,0,0,0,0,0,0,0000-00-00 00:00:00,2.0
CisecoPlc,14,3,111,3,1.340703114E9,1.384127794E9,503.0,1,1,4,19,10,1,0,,108,0,6,0,0,0,2012-06-02 00:00:00,www.ciseco.co.uk,,18,84579.25,4,2,9,3,0,0,4,4,2012-08-23 16:44:35,3.0
CityOfPhiladelphia,14,1,176,5,1.352150065E9,1.384800924E9,378.0,5,1,2,15,8,9,4,,0,0,5,0,0,0,2012-10-02 00:00:00,http://phila.gov,,20,35634.17,5,0,15,0,0,0,3,5,2012-11-30 14:46:40,3.0
Clark-Nikdel-Powell,15,0,191,4,1.343248094E9,1.385077433E9,485.0,2,1,3,15,4,9,8,,0,2,5,0,0,0,2012-07-02 00:00:00,clarknikdelpowell.com,,20,11597.3,3,0,15,1,0,0,3,3,2012-08-02 21:31:05,3.0
CodeForTheCaribbean,5,0,44,4,1.377294432E9,1.384801919E9,87.0,1,1,2,0,0,0,0,,0,0,0,0,0,0,2013-06-00 00:00:00,http://codeforthecaribbean.org/,,0,0.0,0,0,0,0,0,0,0,0,0000-00-00 00:00:00,3.0
CodeSeven,2,0,359,2,1.335836539E9,1.38480458E9,567.0,0,1,1,1185,256,160,352,,13,46,33,2,15,7,1000-01-01 00:00:00,,,0,0.0,0,0,0,0,0,0,0,0,0000-00-00 00:00:00,2.0
CogWorks,15,0,736,8,1.332351275E9,1.385155435E9,612.0,1,1,2,8,2,16,9,,4,0,0,0,0,0,1000-01-01 00:00:00,,,0,0.0,0,0,0,0,0,0,0,0,0000-00-00 00:00:00,
Comcast,10,1,487,10,1.349911764E9,1.385092157E9,408.0,3,1,4,137,22,57,47,,15,15,38,0,0,0,1000-01-01 00:00:00,,,0,0.0,0,0,0,0,0,0,0,0,0000-00-00 00:00:00,3.0
Compilify,1,0,408,3,1.333988654E9,1.362012934E9,325.0,1,1,2,531,104,232,153,,0,11,9,0,0,0,2012-04-00 00:00:00,http://compilify.net,,0,0.0,0,0,0,0,0,0,0,0,0000-00-00 00:00:00,
ContrapuntoTeam,1,1,7,3,1.379134649E9,1.383955354E9,56.0,0,1,2,0,0,0,0,,0,0,0,0,0,0,1000-01-01 00:00:00,,,0,0.0,0,0,0,0,0,0,0,0,0000-00-00 00:00:00,1.0
CoreMedia,17,6,977,17,1.331547023E9,1.385116456E9,621.0,4,1,6,56,27,64,19,,4,6,7,0,0,0,2010-01-01 00:00:00,http://www.coremedia.com,,0,0.0,0,0,0,0,0,0,0,0,0000-00-00 00:00:00,3.0
DDC-devs,1,0,60,1,1.34873779E9,1.384943243E9,420.0,0,1,1,3,0,0,0,,0,0,0,0,0,0,1000-01-01 00:00:00,,,0,0.0,0,0,0,0,0,0,0,0,0000-00-00 00:00:00,
DE-IBH,6,0,152,2,1.335036873E9,1.38315556E9,557.0,3,1,3,34,41,24,31,3,7,15,22,0,0,0,2012-03-02 00:00:00,http://www.ibh.de/,,0,0.0,0,0,0,0,0,0,0,0,0000-00-00 00:00:00,3.0
Daiech,4,0,239,4,1.339110216E9,1.383234334E9,511.0,1,1,4,1,1,5,1,,0,0,0,0,0,0,2012-06-00 00:00:00,daiech.com,,11,21575.5,1,0,9,0,0,0,1,1,2012-06-22 21:46:35,3.0
DarkHorseComics,10,7,26,5,1.349217156E9,1.384418122E9,408.0,2,1,5,5,3,0,0,,0,0,0,0,0,0,2011-04-02 00:00:00,http://www.darkhorse.com/,,0,0.0,0,0,0,0,0,0,0,0,0000-00-00 00:00:00,3.0
DemoJS,1,0,395,3,1.336978728E9,1.384385733E9,549.0,1,1,1,9,2,4,0,,0,1,1,0,0,0,2011-06-00 00:00:00,http://demojs.org,,0,0.0,0,0,0,0,0,0,0,0,0000-00-00 00:00:00,3.0
DesignMonkeyBabys,1,0,12,2,1.359193479E9,1.364637681E9,64.0,1,1,1,2,0,0,0,,0,0,0,0,0,0,1000-01-01 00:00:00,,,0,0.0,0,0,0,0,0,0,0,0,0000-00-00 00:00:00,1.0
DevelopStuff,4,1,13,1,1.341408132E9,1.372432888E9,360.0,1,1,3,0,0,0,0,,0,0,0,0,0,0,2012-02-01 00:00:00,http://developstuff.com,,0,0.0,0,0,0,0,0,0,0,0,0000-00-00 00:00:00,3.0
DeweyDev,10,3,302,3,1.359061957E9,1.383069074E9,278.0,5,1,4,3,3,13,28,,0,5,5,0,0,0,2013-01-01 00:00:00,,,0,0.0,0,0,0,0,0,0,0,0,0000-00-00 00:00:00,2.0
Digital-Wolf-Studio,7,4,9,1,1.340399611E9,1.359839032E9,225.0,4,1,4,2,0,0,0,,0,0,0,0,0,0,2012-06-02 00:00:00,digitalwolfstudio.tk,,4,30624.33,2,0,1,0,0,0,2,2,2012-07-14 03:31:24,3.0
Distrotech,501,89,3551,1,1.370097844E9,1.385394924E9,178.0,53,2,19,10,1,0,0,,0,1,75,0,0,0,2013-06-00 00:00:00,http://git.distrotech.co.za,,20,1249.47,3,14,5,8,0,2,10,3,2013-06-02 10:59:12,3.0
DuinOS,4,1,53,1,1.364692152E9,1.380309282E9,181.0,3,1,2,3,4,7,23,,0,6,0,0,0,0,2013-03-01 00:00:00,www.carlosdelfino.eti.br/duinos,,0,0.0,0,0,0,0,0,0,0,0,0000-00-00 00:00:00,2.0
DynoSRC,2,0,7,2,1.384397832E9,1.385150598E9,9.0,1,1,1,0,0,0,0,2,0,0,2,0,0,0,2013-11-01 00:00:00,http://dinosrc.it,,24,8147.73,2,0,6,2,0,3,2,2,2013-11-19 18:44:56,2.0
EECE-310-TeamL2A4,1,1,25,4,1.363840798E9,1.364452649E9,8.0,1,1,1,0,0,2,0,,0,3,3,0,0,0,1000-01-01 00:00:00,,,0,0.0,0,0,0,0,0,0,0,0,0000-00-00 00:00:00,1.0
EFN,2,1,39,4,1.364132893E9,1.367777494E9,43.0,1,1,1,2,3,0,0,,0,0,0,0,0,0,2013-03-02 00:00:00,http://efn.no/,,20,1978.85,1,1,18,0,0,0,1,1,2013-03-25 22:47:04,3.0
ELEN4002-Lab-Project-2012,1,0,21,2,1.347723318E9,1.349853471E9,25.0,0,1,1,0,0,0,0,,0,0,0,0,0,0,1000-01-01 00:00:00,,,0,0.0,0,0,0,0,0,0,0,0,0000-00-00 00:00:00,1.0
ELK-Phil-UZH,2,1,64,2,1.367321545E9,1.37786913E9,123.0,1,1,2,0,0,0,0,,0,0,0,0,0,0,1000-01-01 00:00:00,,,0,0.0,0,0,0,0,0,0,0,0,0000-00-00 00:00:00,1.0
EZchip,5,6,30,2,1.37440573E9,1.382436552E9,93.0,2,1,1,0,0,0,0,,0,0,0,0,0,0,2013-07-01 00:00:00,http://www.ezchip.com,,0,0.0,0,0,0,0,0,0,0,0,0000-00-00 00:00:00,3.0
EduPad,3,2,5,2,1.351607077E9,1.380102997E9,330.0,2,1,3,1,0,0,0,,0,0,1,0,0,0,2012-10-03 00:00:00,edupad.com,,6,77.37,3,1,3,0,0,0,2,3,2012-10-30 15:09:17,3.0
ElectricCatStudios,1,0,4,2,1.358933378E9,1.359713737E9,10.0,0,1,0,0,0,0,0,,0,0,0,0,0,0,1000-01-01 00:00:00,,,0,0.0,0,0,0,0,0,0,0,0,0000-00-00 00:00:00,1.0
EmptyKingdom,1,0,23,2,1.366482349E9,1.373647048E9,83.0,0,1,1,0,0,0,0,,0,0,0,0,0,0,1000-01-01 00:00:00,,,0,0.0,0,0,0,0,0,0,0,0,0000-00-00 00:00:00,1.0
ExposureSoftware,2,0,11,1,1.380668822E9,1.384406438E9,44.0,0,1,2,0,0,0,0,,0,0,0,0,0,0,1000-01-01 00:00:00,,,0,0.0,0,0,0,0,0,0,0,0,0000-00-00 00:00:00,1.0
Ez3D,4,2,11,2,1.374043645E9,1.377579971E9,41.0,1,1,2,0,0,0,0,,0,0,0,0,0,0,2013-03-01 00:00:00,http://ez3d.org/,,0,0.0,0,0,0,0,0,0,0,0,0000-00-00 00:00:00,3.0
FUSEEProjectTeam,12,2,867,13,1.352992572E9,1.385330308E9,375.0,2,2,3,3,5,1,1,,0,0,0,0,0,0,2012-11-01 00:00:00,,,20,30538.67,3,1,17,0,0,0,2,3,2012-12-06 21:32:50,2.0
FailFabric,3,2,49,1,1.359397639E9,1.370249541E9,126.0,1,1,2,0,1,1,0,,0,0,0,0,0,0,2013-01-02 00:00:00,,,20,28390.93,2,1,18,0,0,0,2,2,2013-02-17 11:28:27,1.0
Fall13IP,2,0,109,2,1.378565788E9,1.383099931E9,53.0,0,1,2,0,0,0,0,,0,0,0,0,0,0,1000-01-01 00:00:00,,,0,0.0,0,0,0,0,0,0,0,0,0000-00-00 00:00:00,1.0
FireEmbers,16,0,141,1,1.369655926E9,1.384266236E9,170.0,1,1,2,0,0,0,0,,0,0,0,0,0,0,2013-05-02 00:00:00,www.crowdprocess.com,,20,5653.02,13,0,7,0,0,0,5,13,2013-05-31 10:06:59,2.0
FiscaliteEtTerritoire,2,0,21,2,1.341347356E9,1.381128432E9,461.0,0,1,1,1,0,0,0,,0,0,0,0,0,0,2012-03-03 00:00:00,www.fiscalite-territoire.fr,,0,0.0,0,0,0,0,0,0,0,0,0000-00-00 00:00:00,3.0
FlamingCode,3,0,46,1,1.376476017E9,1.385269252E9,102.0,1,1,1,0,0,0,0,1,0,0,2,0,0,0,2013-08-00 00:00:00,,,22,1964.65,4,0,11,2,0,4,1,4,2013-08-15 19:01:27,1.0
FunGoStudios,9,5,69,3,1.345649818E9,1.381686187E9,418.0,4,1,1,0,0,8,0,,0,0,0,0,0,0,2012-08-02 00:00:00,http://www.fungostudios.com,,20,12624.85,6,8,14,0,0,0,6,6,2012-08-31 09:35:41,3.0
FynskeMedier,1,1,4,2,1.365159599E9,1.366111471E9,12.0,0,1,1,0,0,0,0,,0,0,0,0,0,0,1000-01-01 00:00:00,,,0,0.0,0,0,0,0,0,0,0,0,0000-00-00 00:00:00,3.0
GFZ,2,0,6,1,1.373146472E9,1.383708453E9,123.0,0,1,1,0,0,0,0,,0,0,0,0,0,0,2013-07-00 00:00:00,http://isdc.gfz-potsdam.de/,,0,0.0,0,0,0,0,0,0,0,0,0000-00-00 00:00:00,3.0
GIDAIbero,3,0,4,2,1.360926677E9,1.369074383E9,95.0,1,1,1,2,3,11,12,,0,2,2,0,0,0,2013-02-00 00:00:00,www.ie.uia.mx,,20,27895.73,1,0,3,1,6,3,2,1,2013-03-06 19:53:27,3.0
GPMGo,6,0,122,2,1.368638694E9,1.375885048E9,84.0,7,1,2,50,9,0,0,1,0,0,0,0,0,0,1000-01-01 00:00:00,,,0,0.0,0,0,0,0,0,0,0,0,0000-00-00 00:00:00,2.0
GRIVOSGroup,2,0,3,1,1.358264349E9,1.382966345E9,286.0,0,1,1,0,0,0,0,,0,0,0,0,0,0,2013-01-01 00:00:00,https://www.grivos.com,,0,0.0,0,0,0,0,0,0,0,0,0000-00-00 00:00:00,3.0
Game-Group,1,0,92,5,1.38399002E9,1.385392065E9,17.0,1,1,2,0,0,0,0,,0,0,0,0,0,0,1000-01-01 00:00:00,,,0,0.0,0,0,0,0,0,0,0,0,0000-00-00 00:00:00,1.0
GameDevelopmentStudio,6,0,100,2,1.347559135E9,1.385331777E9,438.0,1,1,3,1,0,0,0,,0,0,0,0,0,0,1000-01-01 00:00:00,,,0,0.0,0,0,0,0,0,0,0,0,0000-00-00 00:00:00,2.0
Gangplank-Entertainment,1,0,7,1,1.364399344E9,1.367357367E9,35.0,0,1,1,0,0,0,0,,0,0,0,0,0,0,2012-12-01 00:00:00,gangplankentertainment.com,,0,0.0,0,0,0,0,0,0,0,0,0000-00-00 00:00:00,3.0
GaraioAG,5,4,30,3,1.359020675E9,1.375184515E9,188.0,3,1,2,0,0,30,7,,0,11,2,0,0,0,1000-01-01 00:00:00,,,0,0.0,0,0,0,0,0,0,0,0,0000-00-00 00:00:00,
GeNERACE-Test,2,1,8,3,1.35425116E9,1.355558451E9,16.0,1,1,1,0,7,0,0,,0,8,7,0,0,0,1000-01-01 00:00:00,,,0,0.0,0,0,0,0,0,0,0,0,0000-00-00 00:00:00,
Germinadora,4,0,15,2,1.382832495E9,1.38454953E9,20.0,0,1,4,0,0,0,0,,0,0,0,0,0,0,2013-07-00 00:00:00,www.germinadora.com,,0,0.0,0,0,0,0,0,0,0,0,0000-00-00 00:00:00,3.0
Goellan,4,4,38,2,1.33422204E9,1.346425425E9,142.0,3,1,2,2,0,0,0,,0,0,0,0,0,0,2012-01-02 00:00:00,goellan.com,,0,0.0,0,0,0,0,0,0,0,0,0000-00-00 00:00:00,1.0
Goyaka,11,7,105,4,1.33197152E9,1.361454195E9,342.0,8,1,5,17,21,4,4,,0,0,0,0,0,0,2011-11-02 00:00:00,http://www.goyaka.com,,0,0.0,0,0,0,0,0,0,0,0,0000-00-00 00:00:00,2.0
GuardianInteractive,17,0,458,9,1.331591547E9,1.385386505E9,623.0,1,1,2,9,0,2,1,,0,0,1,0,0,0,2011-08-01 00:00:00,http://www.guardian.co.uk/profile/guardian-interactive-department,,0,0.0,0,0,0,0,0,0,0,0,0000-00-00 00:00:00,3.0
GudTech,2,0,8,1,1.356404619E9,1.37228903E9,184.0,0,1,1,0,1,0,0,,0,0,0,0,0,0,2012-01-02 00:00:00,www.gudtech.com,,0,0.0,0,0,0,0,0,0,0,0,0000-00-00 00:00:00,3.0
HackBerkeley,14,9,284,20,1.345697507E9,1.385242628E9,458.0,1,1,7,3,11,74,62,1,0,8,9,0,0,0,2011-10-01 00:00:00,http://www.hackersatberkeley.com,,0,0.0,0,0,0,0,0,0,0,0,0000-00-00 00:00:00,3.0
Hackathonclt,7,0,20,3,1.366087857E9,1.369061046E9,35.0,0,1,4,0,0,0,0,,0,0,0,0,0,0,1000-01-01 00:00:00,,,0,0.0,0,0,0,0,0,0,0,0,0000-00-00 00:00:00,3.0
HigherState,1,0,82,1,1.367083027E9,1.372701046E9,66.0,0,1,1,2,0,0,0,,0,0,0,1,2,2,1000-01-01 00:00:00,,,0,0.0,0,0,0,0,0,0,0,0,0000-00-00 00:00:00,1.0
ICTWheel,1,1,255,3,1.331920662E9,1.336593722E9,55.0,1,1,1,0,3,0,0,,0,0,0,0,0,0,1000-01-01 00:00:00,,,0,0.0,0,0,0,0,0,0,0,0,0000-00-00 00:00:00,
IEPCJALISCO,1,1,6,2,1.372265815E9,1.378151231E9,69.0,0,1,1,0,0,0,0,,0,0,0,0,0,0,2013-06-02 00:00:00,,,4,37346.58,0,1,4,0,0,0,1,0,2013-07-22 15:23:30,1.0
ISUITC,21,1,197,1,1.376942918E9,1.385160837E9,96.0,1,1,3,0,0,0,0,,0,0,0,0,0,0,1000-01-01 00:00:00,,,0,0.0,0,0,0,0,0,0,0,0,0000-00-00 00:00:00,1.0
ITS-UofIowa,171,0,14379,16,1.331565155E9,1.385394674E9,624.0,7,2,6,7,4,23,14,,0,0,11,0,0,0,2011-08-02 00:00:00,,,0,0.0,0,0,0,0,0,0,0,0,0000-00-00 00:00:00,3.0
IUCN-UK,4,0,110,4,1.345579546E9,1.385377818E9,461.0,0,1,1,0,0,0,0,,0,0,0,0,0,0,1000-01-01 00:00:00,,,0,0.0,0,0,0,0,0,0,0,0,0000-00-00 00:00:00,1.0
Icy-imaging,5,1,476,1,1.331545131E9,1.385060913E9,620.0,3,1,1,31,24,654,675,,0,28,23,0,0,0,2011-02-01 00:00:00,http://icy.bioimageanalysis.com,,0,0.0,0,0,0,0,0,0,0,0,0000-00-00 00:00:00,3.0
IlluminationWorks,2,0,4,1,1.374496564E9,1.383840592E9,109.0,0,1,2,0,0,0,0,,0,0,0,0,0,0,1000-01-01 00:00:00,,,0,0.0,0,0,0,0,0,0,0,0,0000-00-00 00:00:00,1.0
IndianECommerceDevelopers,3,1,54,1,1.333035731E9,1.336921882E9,45.0,2,1,1,17,4,48,15,,0,3,3,0,0,0,2012-03-02 00:00:00,,,0,0.0,0,0,0,0,0,0,0,0,0000-00-00 00:00:00,3.0
Integryst,3,0,21,1,1.335468799E9,1.336093861E9,8.0,2,1,2,2,0,0,0,,0,0,0,0,0,0,2012-04-02 00:00:00,http://www.integryst.com/,,14,159547.0,6,0,7,1,0,0,3,6,2012-08-15 14:26:28,3.0
JJpeople,2,0,8,2,1.36733254E9,1.368086079E9,9.0,0,1,1,0,0,0,0,,0,0,0,0,0,0,2013-04-02 00:00:00,www.jjpeople.com,,14,12559.1,6,0,8,0,0,0,2,6,2013-05-09 07:54:39,3.0
JapavehWebdesign,6,6,79,1,1.338931057E9,1.383656266E9,518.0,2,1,1,1,0,0,0,,0,0,0,0,0,0,2012-03-03 00:00:00,http://japaveh.be,,0,0.0,0,0,0,0,0,0,0,0,0000-00-00 00:00:00,3.0
JavaGamers,1,0,114,2,1.363286685E9,1.378471705E9,176.0,1,1,1,0,0,0,0,,0,0,0,0,0,0,1000-01-01 00:00:00,,,0,0.0,0,0,0,0,0,0,0,0,0000-00-00 00:00:00,1.0
Jobsity,2,0,50,4,1.363291626E9,1.385391015E9,256.0,0,1,1,0,0,0,0,,0,0,0,0,0,0,1000-01-01 00:00:00,,,0,0.0,0,0,0,0,0,0,0,0,0000-00-00 00:00:00,1.0
KHAMGroup,1,0,112,2,1.379031973E9,1.385357668E9,74.0,0,1,1,0,0,0,0,,0,0,0,0,0,0,1000-01-01 00:00:00,,,0,0.0,0,0,0,0,0,0,0,0,0000-00-00 00:00:00,1.0
KablamoAU,7,0,17,3,1.359109337E9,1.372828586E9,159.0,0,1,3,1,0,0,0,,0,0,0,0,0,0,1000-01-01 00:00:00,,,0,0.0,0,0,0,0,0,0,0,0,0000-00-00 00:00:00,1.0
Konquest,3,3,26,1,1.365225458E9,1.385350004E9,233.0,2,1,2,0,0,0,0,,0,0,0,0,0,0,1000-01-01 00:00:00,,,0,0.0,0,0,0,0,0,0,0,0,0000-00-00 00:00:00,1.0
KudosIdeas,2,1,15,4,1.360727712E9,1.364348604E9,42.0,1,1,1,0,0,6,0,1,0,0,0,0,0,0,2013-02-01 00:00:00,www.kudosideas.com,,20,59919.92,1,0,14,0,4,0,2,1,2013-03-26 18:35:07,3.0
LAPR5-8bits-Paradox,1,0,80,6,1.355236481E9,1.355939737E9,9.0,0,1,4,0,1,0,0,,0,0,0,0,0,0,1000-01-01 00:00:00,,,0,0.0,0,0,0,0,0,0,0,0,0000-00-00 00:00:00,
LL-Matsuri2013,1,0,89,4,1.375454123E9,1.379668624E9,49.0,0,1,2,0,0,0,0,,0,0,0,0,0,0,2013-08-00 00:00:00,http://ll.jus.or.jp/2013/,,20,6798.65,2,0,18,0,0,0,1,2,2013-08-07 05:30:43,3.0
LMZTeam,4,0,74,3,1.380760609E9,1.385395138E9,54.0,0,1,3,0,0,0,0,,0,0,0,0,0,0,1000-01-01 00:00:00,,,0,0.0,0,0,0,0,0,0,0,0,0000-00-00 00:00:00,1.0
LaNetscouade,1,1,13,2,1.375950219E9,1.38444116E9,99.0,1,1,1,0,0,0,0,,0,0,1,0,0,0,1000-01-01 00:00:00,,,0,0.0,0,0,0,0,0,0,0,0,0000-00-00 00:00:00,3.0
LaceMedia,1,0,21,2,1.368727128E9,1.369307897E9,7.0,1,1,2,2,1,0,0,,0,0,0,0,0,0,1000-01-01 00:00:00,,,0,0.0,0,0,0,0,0,0,0,0,0000-00-00 00:00:00,0.0
Lawyerist,10,0,186,1,1.349845206E9,1.385139191E9,409.0,3,1,2,0,0,2,3,,0,0,0,0,0,0,2012-10-00 00:00:00,http://lawyerist.com,,20,3136.27,10,0,7,0,3,0,9,10,2012-10-12 01:14:18,3.0
Le61,5,4,7,1,1.355749287E9,1.364201523E9,98.0,3,1,2,0,0,3,4,,0,0,0,0,0,0,1000-01-01 00:00:00,,,0,0.0,0,0,0,0,0,0,0,0,0000-00-00 00:00:00,
Lectra,1,0,14,2,1.381923707E9,1.385022237E9,36.0,0,1,1,0,0,0,0,,0,0,1,0,0,0,1000-01-01 00:00:00,,,0,0.0,0,0,0,0,0,0,0,0,0000-00-00 00:00:00,1.0
LibraryCodeYearIG,3,1,88,4,1.360624697E9,1.374782789E9,164.0,0,1,1,8,13,23,32,,0,14,18,0,0,0,2013-02-00 00:00:00,http://connect.ala.org/node/167971,,20,32717.72,1,0,12,1,1,2,2,1,2013-03-06 16:36:00,3.0
LivePress,1,0,93,2,1.335349686E9,1.350392514E9,175.0,1,1,1,0,0,22,3,,0,0,0,0,0,0,2010-07-00 00:00:00,www.livepress.com,,0,0.0,0,0,0,0,0,0,0,0,0000-00-00 00:00:00,3.0
LokeyCoding,6,1,55,1,1.332522519E9,1.382030307E9,574.0,3,1,1,107,78,0,0,,0,0,1,1,29,28,1000-01-01 00:00:00,,,0,0.0,0,0,0,0,0,0,0,0,0000-00-00 00:00:00,3.0
LokiDesign,2,0,41,1,1.376018513E9,1.380450304E9,52.0,0,1,1,0,0,0,0,,0,0,0,0,0,0,2013-08-00 00:00:00,,,20,3399.05,2,0,18,0,0,0,1,2,2013-08-11 08:04:31,1.0
MakeThings,2,0,49,2,1.365112918E9,1.379796322E9,170.0,0,1,2,1,0,0,0,,0,0,0,0,0,0,1000-01-01 00:00:00,,,0,0.0,0,0,0,0,0,0,0,0,0000-00-00 00:00:00,1.0
MasdarAQWA,1,1,12,2,1.380198129E9,1.38228408E9,25.0,1,1,1,0,0,0,0,,0,0,0,0,0,0,1000-01-01 00:00:00,,,0,0.0,0,0,0,0,0,0,0,0,0000-00-00 00:00:00,1.0
MediaCraft,1,0,60,8,1.362471164E9,1.365409633E9,35.0,0,1,1,0,0,0,0,,0,0,0,0,0,0,1000-01-01 00:00:00,,,0,0.0,0,0,0,0,0,0,0,0,0000-00-00 00:00:00,1.0
MeetMe,18,15,192,5,1.343859954E9,1.38370035E9,462.0,5,1,5,16,14,5,1,1,2,3,31,0,0,0,2012-04-00 00:00:00,http://engineering.meetme.com,,0,0.0,0,0,0,0,0,0,0,0,0000-00-00 00:00:00,3.0
Mercurius-group,1,0,18,1,1.358400602E9,1.360727466E9,27.0,0,1,0,1,0,7,4,,0,0,0,0,0,0,1000-01-01 00:00:00,,,0,0.0,0,0,0,0,0,0,0,0,0000-00-00 00:00:00,1.0
MercuryGroup,4,1,391,9,1.350999613E9,1.385375695E9,398.0,0,1,3,0,0,0,0,,0,0,0,0,0,0,1000-01-01 00:00:00,,,0,0.0,0,0,0,0,0,0,0,0,0000-00-00 00:00:00,3.0
Mexia,2,0,17,2,1.351687237E9,1.369183058E9,203.0,0,1,2,3,0,0,0,,0,0,0,0,0,0,2012-09-02 00:00:00,www.mexia.com.au,,20,65905.08,10,0,10,0,0,0,5,10,2012-11-24 04:32:18,3.0
MonmouthshireCountyCouncil,1,0,10,1,1.364499477E9,1.375704584E9,130.0,0,1,0,2,3,7,2,,0,3,5,0,0,0,1000-01-01 00:00:00,,,0,0.0,0,0,0,0,0,0,0,0,0000-00-00 00:00:00,3.0
MovieCatalog,2,0,20,2,1.375300959E9,1.376328804E9,12.0,0,1,1,0,0,0,0,,0,0,0,0,0,0,1000-01-01 00:00:00,,,0,0.0,0,0,0,0,0,0,0,0,0000-00-00 00:00:00,1.0
MozillaColombia,1,0,173,2,1.362288142E9,1.376751937E9,168.0,0,1,2,0,0,0,0,,0,0,0,0,0,0,1000-01-01 00:00:00,,,0,0.0,0,0,0,0,0,0,0,0,0000-00-00 00:00:00,1.0
MustHash,2,0,84,4,1.365112724E9,1.376911688E9,137.0,0,1,1,3,5,7,6,,0,6,6,0,0,0,2012-09-02 00:00:00,musthash.com,,0,0.0,0,0,0,0,0,0,0,0,0000-00-00 00:00:00,1.0
Mutatio,7,1,114,1,1.342808908E9,1.376862871E9,395.0,1,1,2,6,0,0,0,,0,0,0,0,0,0,2012-07-01 00:00:00,http://mutat.io,,20,15882.93,0,0,20,0,0,0,2,0,2012-07-31 19:11:24,1.0
NIFEUP,3,0,22,1,1.360753068E9,1.378757071E9,209.0,0,1,1,0,0,0,0,,0,0,0,0,0,0,1000-01-01 00:00:00,,,0,0.0,0,0,0,0,0,0,0,0,0000-00-00 00:00:00,
NIFTYCloud-C4SA,13,0,134,3,1.344164313E9,1.357623725E9,156.0,1,1,3,75,14,196,169,,61,3,0,0,0,0,2012-04-01 00:00:00,http://c4sa.nifty.com/,,0,0.0,0,0,0,0,0,0,0,0,0000-00-00 00:00:00,3.0
NUSID-C0DE,3,3,31,1,1.345952582E9,1.350641568E9,55.0,0,1,2,1,92,0,0,,0,0,0,0,0,0,1000-01-01 00:00:00,,,0,0.0,0,0,0,0,0,0,0,0,0000-00-00 00:00:00,3.0
NVlabs,4,0,145,2,1.360963341E9,1.384980414E9,278.0,4,1,2,298,50,4,3,,0,4,5,0,0,0,2012-11-00 00:00:00,,,0,0.0,0,0,0,0,0,0,0,0,0000-00-00 00:00:00,2.0
Nekland,4,1,50,1,1.350079711E9,1.384555356E9,400.0,1,1,2,3,6,10,18,,0,2,1,0,0,0,2012-05-01 00:00:00,http://nekland.fr,,0,0.0,0,0,0,0,0,0,0,0,0000-00-00 00:00:00,1.0
Neuralab,3,0,24,2,1.350761472E9,1.384698846E9,393.0,1,1,1,0,0,1,0,,0,0,0,0,0,0,2011-01-00 00:00:00,http://www.neuralab.net/,,0,0.0,0,0,0,0,0,0,0,0,0000-00-00 00:00:00,3.0
NewTabPage,6,0,728,3,1.33372518E9,1.384693494E9,590.0,3,1,1,158,106,53,133,,0,38,32,0,0,0,2012-04-00 00:00:00,http://get.antp.co,,0,0.0,0,0,0,0,0,0,0,0,0000-00-00 00:00:00,1.0
NewVisionsScripts,18,0,147,3,1.375988395E9,1.384996E9,105.0,1,1,2,0,0,0,0,,0,0,0,0,0,0,1000-01-01 00:00:00,,,0,0.0,0,0,0,0,0,0,0,0,0000-00-00 00:00:00,1.0
NikolaRusevKristianVladov,1,0,18,2,1.331711738E9,1.338355311E9,77.0,1,1,1,0,3,0,0,,0,0,0,0,0,0,1000-01-01 00:00:00,,,0,0.0,0,0,0,0,0,0,0,0,0000-00-00 00:00:00,1.0
NinjaTurtles,2,0,27,3,1.359844879E9,1.361129259E9,15.0,1,1,1,3,2,0,0,,0,2,2,0,0,0,2013-02-00 00:00:00,,,20,11561.0,4,0,6,3,0,3,2,4,2013-02-09 18:08:22,2.0
Origin1,2,1,11,2,1.360733022E9,1.367226193E9,76.0,0,2,0,0,3,0,1,,0,9,6,0,0,0,2013-02-01 00:00:00,,,21,3189.7,4,0,4,0,1,10,1,4,2013-02-15 10:26:18,1.0
OwnYourInfo,3,1,5,1,1.357664665E9,1.380208435E9,261.0,1,1,1,0,0,0,0,,0,0,0,0,0,0,1000-01-01 00:00:00,,,0,0.0,0,0,0,0,0,0,0,0,0000-00-00 00:00:00,1.0
PAC-i9300-builds,13,13,198,2,1.381321088E9,1.382305512E9,12.0,3,1,5,0,0,0,0,,0,0,0,0,0,0,1000-01-01 00:00:00,,,0,0.0,0,0,0,0,0,0,0,0,0000-00-00 00:00:00,1.0
PMSI-AlignAlytics,5,2,141,3,1.364905551E9,1.385159339E9,235.0,1,1,1,39,1,13,3,5,0,0,1,0,0,0,2013-03-02 00:00:00,www.pmsi-consulting.com,,3,15765.25,2,0,1,0,0,0,1,2,2013-04-02 12:25:51,3.0
PR2-SS13,1,0,55,2,1.364821048E9,1.372516214E9,90.0,0,1,1,0,0,0,0,,0,0,0,0,0,0,2013-04-00 00:00:00,,,0,0.0,0,0,0,0,0,0,0,0,0000-00-00 00:00:00,1.0
PV168team,1,0,159,2,1.331592526E9,1.336940397E9,62.0,1,1,1,3,0,0,0,,0,0,0,0,0,0,1000-01-01 00:00:00,,,0,0.0,0,0,0,0,0,0,0,0,0000-00-00 00:00:00,1.0
Phythm,1,0,76,2,1.380835369E9,1.384163105E9,39.0,0,1,1,0,0,0,0,,0,0,0,0,0,0,1000-01-01 00:00:00,,,0,0.0,0,0,0,0,0,0,0,0,0000-00-00 00:00:00,1.0
PinchProject,5,2,78,2,1.35833084E9,1.381744356E9,271.0,0,1,2,9,1,2,0,,0,0,1,0,0,0,1000-01-01 00:00:00,,,0,0.0,0,0,0,0,0,0,0,0,0000-00-00 00:00:00,1.0
Polyconseil,17,15,92,8,1.346325642E9,1.382702554E9,422.0,8,1,2,6,0,0,0,,0,0,0,0,0,0,2011-05-03 00:00:00,http://www.polyconseil.fr/,,0,0.0,0,0,0,0,0,0,0,0,0000-00-00 00:00:00,3.0
PostTenebrasLab,3,0,29,3,1.361569301E9,1.385314182E9,275.0,0,1,2,1,0,0,0,,0,0,0,0,0,0,2013-02-01 00:00:00,http://www.posttenebraslab.ch/wiki/,,12,46383.12,2,0,9,1,0,0,2,2,2013-03-21 23:45:15,3.0
Potato-Systems,1,0,10,2,1.340173407E9,1.341421518E9,15.0,0,1,1,3,0,14,2,,0,0,0,0,0,0,1000-01-01 00:00:00,,,0,0.0,0,0,0,0,0,0,0,0,0000-00-00 00:00:00,1.0
Predpol,3,3,13,2,1.3568568E9,1.381195149E9,282.0,1,1,2,0,0,0,0,,0,0,0,0,0,0,2012-06-01 00:00:00,http://www.predpol.com,,0,0.0,0,0,0,0,0,0,0,0,0000-00-00 00:00:00,3.0
ProjectFood,1,0,58,7,1.354397804E9,1.355202686E9,10.0,0,1,1,1,7,0,0,,0,6,6,0,0,0,1000-01-01 00:00:00,,,0,0.0,0,0,0,0,0,0,0,0,0000-00-00 00:00:00,2.0
ProjectXY,2,0,11,2,1.372913565E9,1.373524817E9,8.0,0,1,1,0,0,0,0,,0,0,0,0,0,0,1000-01-01 00:00:00,,,0,0.0,0,0,0,0,0,0,0,0,0000-00-00 00:00:00,1.0
PromoCouponECOM,1,0,110,5,1.382704949E9,1.385134799E9,29.0,0,1,1,0,0,0,0,,0,0,0,0,0,0,1000-01-01 00:00:00,,,0,0.0,0,0,0,0,0,0,0,0,0000-00-00 00:00:00,1.0
QATECNICACIB,3,0,145,2,1.363773007E9,1.378909097E9,176.0,0,1,2,0,0,2,0,,0,0,0,0,0,0,1000-01-01 00:00:00,,,0,0.0,0,0,0,0,0,0,0,0,0000-00-00 00:00:00,
Quixotico,1,1,3,1,1.360765006E9,1.362293738E9,18.0,0,1,1,1,0,0,0,,0,0,0,0,0,0,1000-01-01 00:00:00,,,0,0.0,0,0,0,0,0,0,0,0,0000-00-00 00:00:00,1.0
RESTRack,1,0,51,1,1.331601491E9,1.359487728E9,323.0,1,1,1,1,3,0,1,,0,3,3,0,0,0,1000-01-01 00:00:00,,,0,0.0,0,0,0,0,0,0,0,0,0000-00-00 00:00:00,2.0
Rangespan,5,5,29,4,1.335860331E9,1.376667167E9,473.0,4,1,3,0,0,0,0,,0,0,0,0,0,0,2011-09-01 00:00:00,https://www.rangespan.com,,0,0.0,0,0,0,0,0,0,0,0,0000-00-00 00:00:00,3.0
Raxa,14,4,504,12,1.331523494E9,1.378725661E9,547.0,2,1,3,155,378,20,1014,,0,619,414,0,0,0,2011-10-02 00:00:00,http://raxa.org,,0,0.0,0,0,0,0,0,0,0,0,0000-00-00 00:00:00,3.0
RecipientCollective,6,0,195,2,1.339754139E9,1.384189517E9,515.0,1,1,3,11,0,0,0,,0,0,0,0,0,0,2011-12-01 00:00:00,http://recipient.cc,,0,0.0,0,0,0,0,0,0,0,0,0000-00-00 00:00:00,3.0
RiTH-Tech,4,3,21,1,1.337854229E9,1.34986615E9,140.0,1,1,3,1,0,0,0,,1,0,0,0,0,0,2011-08-02 00:00:00,http://rith-tech.com,,0,0.0,0,0,0,0,0,0,0,0,0000-00-00 00:00:00,2.0
RokkinCat,4,2,19,4,1.348782318E9,1.383691635E9,405.0,2,1,2,2,0,0,0,,0,0,0,0,0,0,2011-09-00 00:00:00,http://rokkincat.com,,0,0.0,0,0,0,0,0,0,0,0,0000-00-00 00:00:00,3.0
Rue89,2,2,33,2,1.340096916E9,1.371026846E9,358.0,2,1,2,0,0,0,0,,0,0,0,0,0,0,2012-04-00 00:00:00,http://www.rue89.com,,0,0.0,0,0,0,0,0,0,0,0,0000-00-00 00:00:00,3.0
SEP007,8,5,502,7,1.378477556E9,1.385378597E9,80.0,1,1,2,0,0,0,0,,0,0,31,0,0,0,2013-09-00 00:00:00,sep007.tdeekens.name,,20,8828.75,2,5,16,0,0,2,3,2,2013-09-12 17:32:18,2.0
SSI-Avalon,4,4,24,4,1.334200912E9,1.375289873E9,476.0,3,1,3,3,0,0,0,,0,0,0,0,0,0,1000-01-01 00:00:00,,,0,0.0,0,0,0,0,0,0,0,0,0000-00-00 00:00:00,1.0
SSVC,1,0,57,1,1.355239648E9,1.384185248E9,336.0,0,1,1,2,0,5,0,1,0,0,0,0,0,0,1000-01-01 00:00:00,,,0,0.0,0,0,0,0,0,0,0,0,0000-00-00 00:00:00,1.0
Sagacify,4,0,34,4,1.36879862E9,1.381777874E9,151.0,0,1,3,0,0,0,0,,0,0,0,0,0,0,2012-04-01 00:00:00,,,0,0.0,0,0,0,0,0,0,0,0,0000-00-00 00:00:00,2.0
Sandglaz,2,0,64,2,1.334960395E9,1.38056793E9,528.0,2,1,2,267,42,4,12,2,0,1,1,1,2,2,2011-10-00 00:00:00,http://www.sandglaz.com,,0,0.0,0,0,0,0,0,0,0,0,0000-00-00 00:00:00,2.0
ScienceGist,3,0,27,1,1.375562074E9,1.384105866E9,99.0,2,1,1,0,0,0,0,,0,0,1,0,0,0,2013-08-00 00:00:00,http://sciencegist.com,,5,273.82,1,0,1,0,3,0,1,1,2013-08-05 12:00:53,2.0
SfZBadSaulgau,1,0,18,2,1.365692863E9,1.383669114E9,209.0,0,1,1,0,0,0,0,,0,0,0,0,0,0,1000-01-01 00:00:00,,,0,0.0,0,0,0,0,0,0,0,0,0000-00-00 00:00:00,1.0
Shinetechchina,4,2,351,6,1.333184229E9,1.384439334E9,594.0,2,1,1,11,6,0,9,,0,31,37,0,0,0,2012-03-02 00:00:00,www.shinetechchina.com,,0,0.0,0,0,0,0,0,0,0,0,0000-00-00 00:00:00,3.0
Shoeboxed,17,4,58,3,1.332328099E9,1.372414485E9,464.0,3,1,4,0,0,0,0,,0,0,0,0,0,0,2011-08-01 00:00:00,http://www.shoeboxed.com/,,0,0.0,0,0,0,0,0,0,0,0,0000-00-00 00:00:00,3.0
ShotDev,2,0,46,2,1.374905084E9,1.375381335E9,6.0,0,1,2,0,0,0,0,,0,0,0,0,0,0,1000-01-01 00:00:00,,,0,0.0,0,0,0,0,0,0,0,0,0000-00-00 00:00:00,1.0
Shri-Hackathon,3,0,69,3,1.359035621E9,1.382529623E9,272.0,0,1,1,3,0,0,0,,0,0,0,0,0,0,2013-01-02 00:00:00,,,20,2633.3,2,0,17,1,0,0,1,2,2013-01-26 09:44:49,3.0
SingularLogic,4,0,162,2,1.343738708E9,1.365956289E9,258.0,0,1,2,0,0,0,0,,0,0,0,0,0,0,2011-09-00 00:00:00,http://www.singularlogic.eu/,,0,0.0,0,0,0,0,0,0,0,0,0000-00-00 00:00:00,3.0
SistemaKontrolya,1,0,36,3,1.352232998E9,1.356496173E9,50.0,0,1,1,0,0,1,1,,0,0,0,0,0,0,1000-01-01 00:00:00,,,0,0.0,0,0,0,0,0,0,0,0,0000-00-00 00:00:00,1.0
Skipbug,1,0,120,4,1.347890578E9,1.352894939E9,58.0,1,1,0,0,0,0,0,,0,0,0,0,0,0,1000-01-01 00:00:00,,,0,0.0,0,0,0,0,0,0,0,0,0000-00-00 00:00:00,1.0
SnapSimpleTech,2,0,6,1,1.362790327E9,1.370004911E9,84.0,0,1,1,0,0,0,0,,0,0,0,0,0,0,1000-01-01 00:00:00,,,0,0.0,0,0,0,0,0,0,0,0,0000-00-00 00:00:00,
SoutHACKton,6,0,149,4,1.332161512E9,1.367481287E9,409.0,2,1,1,6,11,3,8,,0,3,3,0,0,0,2012-02-01 00:00:00,http://southackton.org.uk/,,0,0.0,0,0,0,0,0,0,0,0,0000-00-00 00:00:00,3.0
SpaceAppsReno,2,0,40,6,1.366476715E9,1.367365456E9,11.0,0,1,1,0,0,7,1,,0,0,0,0,0,0,1000-01-01 00:00:00,,,0,0.0,0,0,0,0,0,0,0,0,0000-00-00 00:00:00,1.0
SpeechLove,1,0,189,5,1.353972437E9,1.359692195E9,67.0,0,1,1,1,4,0,0,,0,13,11,0,0,0,1000-01-01 00:00:00,,,0,0.0,0,0,0,0,0,0,0,0,0000-00-00 00:00:00,1.0
SphereConsultingInc,1,2,5,1,1.36759601E9,1.368029566E9,6.0,1,1,1,18,3,3,1,,0,0,0,0,0,0,2010-01-01 00:00:00,www.sphereinc.com,,0,0.0,0,0,0,0,0,0,0,0,0000-00-00 00:00:00,3.0
StoopsArtsUnlimited4CREHST,1,0,12,1,1.364253141E9,1.365668706E9,17.0,0,1,2,5,1,2,2,,0,0,0,0,0,0,1000-01-01 00:00:00,,,0,0.0,0,0,0,0,0,0,0,0,0000-00-00 00:00:00,1.0
StrathSEDS,2,0,454,1,1.370435464E9,1.381250137E9,126.0,3,1,2,0,0,0,0,,0,0,1,0,0,0,2013-06-00 00:00:00,http://www.strathseds.org/,,20,509.12,1,0,19,0,0,0,1,1,2013-06-05 20:52:22,3.0
StudyBlue,12,10,378,4,1.332432081E9,1.372881887E9,469.0,5,1,3,11,13,2,0,,14,0,0,0,0,0,1000-01-01 00:00:00,,,0,0.0,0,0,0,0,0,0,0,0,0000-00-00 00:00:00,1.0
StupidStudio,3,0,45,2,1.365078341E9,1.384856487E9,229.0,1,1,1,3,0,0,0,1,0,0,2,0,0,0,2013-04-00 00:00:00,http://stupid-studio.com/,,0,0.0,0,0,0,0,0,0,0,0,0000-00-00 00:00:00,3.0
SzkolaCzytania,3,1,46,1,1.333747125E9,1.372475807E9,449.0,1,1,2,0,0,0,0,,0,0,0,0,0,0,2011-09-01 00:00:00,,,0,0.0,0,0,0,0,0,0,0,0,0000-00-00 00:00:00,2.0
THDRedTeam,2,0,11,2,1.380900417E9,1.382412338E9,18.0,0,1,2,0,0,0,0,,0,0,0,0,0,0,2013-10-00 00:00:00,,,16,25228.95,5,0,11,0,0,0,3,5,2013-10-22 03:25:38,1.0
TMTG03,2,0,55,4,1.383819862E9,1.385382614E9,19.0,0,1,2,0,0,0,0,,0,0,0,0,0,0,1000-01-01 00:00:00,,,0,0.0,0,0,0,0,0,0,0,0,0000-00-00 00:00:00,1.0
TableTopSecurity,1,0,12,1,1.3539767E9,1.357504312E9,41.0,0,1,0,111,24,1,3,,0,2,2,0,0,0,2012-10-00 00:00:00,,,20,113145.02,2,0,4,13,0,0,1,2,2012-12-23 14:09:04,2.0
TeXSample-Team,7,0,508,1,1.347702102E9,1.384755696E9,429.0,0,1,3,0,0,0,0,,14,0,0,0,0,0,2012-09-00 00:00:00,,,20,160.48,19,0,0,0,0,0,4,19,2012-09-11 13:40:25,1.0
TeamHack,1,0,5,1,1.374286417E9,1.377101867E9,33.0,0,1,0,0,0,0,0,,0,0,0,0,0,0,2013-05-01 00:00:00,http://ingersollcenter.org/Steep.Team.Hack,,6,99216.87,2,0,1,1,0,0,1,2,2013-07-20 02:15:07,3.0
TerrificTen,3,0,7,2,1.353240178E9,1.354467346E9,15.0,0,1,1,0,0,2,1,,0,0,0,0,0,0,1000-01-01 00:00:00,,,0,0.0,0,0,0,0,0,0,0,0,0000-00-00 00:00:00,0.0
TexasDigitalLibrary,2,0,862,6,1.337858857E9,1.380320681E9,492.0,2,1,2,6,9,286,20,,8,2,0,0,0,0,2012-01-01 00:00:00,www.tdl.org,,0,0.0,0,0,0,0,0,0,0,0,0000-00-00 00:00:00,3.0
TheCedarsSchool,1,1,9,1,1.381852837E9,1.385387703E9,41.0,0,1,1,0,0,0,0,,0,0,0,0,0,0,1000-01-01 00:00:00,,,0,0.0,0,0,0,0,0,0,0,0,0000-00-00 00:00:00,3.0
ThemeSpectre,1,0,9,2,1.379569079E9,1.38293016E9,39.0,1,1,1,0,0,0,0,,0,0,4,0,0,0,2013-08-02 00:00:00,http://themespectre.com,,20,7862.52,2,0,3,11,0,0,1,2,2013-09-24 16:32:34,3.0
Threadflip,7,9,19,6,1.343185468E9,1.383589216E9,468.0,3,1,3,2,1,1,0,,0,2,2,0,0,0,1000-01-01 00:00:00,,,0,0.0,0,0,0,0,0,0,0,0,0000-00-00 00:00:00,1.0
Tietoarkisto,1,0,37,2,1.381390633E9,1.385369135E9,47.0,0,1,2,0,0,0,0,,0,0,30,0,0,0,1000-01-01 00:00:00,,,0,0.0,0,0,0,0,0,0,0,0,0000-00-00 00:00:00,1.0
TimeIPS,2,1,47,2,1.367265935E9,1.38377534E9,192.0,1,1,3,0,0,0,0,,0,0,1,0,0,0,2013-04-01 00:00:00,http://timeips.com,,0,0.0,0,0,0,0,0,0,0,0,0000-00-00 00:00:00,3.0
Turpial,6,5,175,3,1.336236944E9,1.384953203E9,564.0,2,1,4,33,18,97,31,,0,9,8,0,0,0,2012-04-03 00:00:00,http://turpial.org.ve/,,20,15588.23,0,12,18,2,0,0,1,0,2012-05-16 01:16:57,3.0
UNDRGRNDRadio,1,0,9,2,1.362200376E9,1.362725233E9,7.0,0,1,1,0,0,0,0,,0,0,0,0,0,0,2013-03-00 00:00:00,http://UNDRGRNDRadio.com,,10,8752.45,1,0,9,0,0,0,1,1,2013-03-08 06:47:13,3.0
UPSingapore,3,0,24,1,1.338458083E9,1.339042897E9,7.0,0,1,1,0,3,0,0,,0,0,0,0,0,0,1000-01-01 00:00:00,,,0,0.0,0,0,0,0,0,0,0,0,0000-00-00 00:00:00,1.0
VerKnowSys,10,3,1381,4,1.337165444E9,1.385385821E9,559.0,2,1,6,4,1,19,8,,0,1,2,0,0,0,2011-02-01 00:00:00,,,0,0.0,0,0,0,0,0,0,0,0,0000-00-00 00:00:00,3.0
WFP-Dubai,16,2,1674,5,1.33178934E9,1.384420045E9,610.0,1,1,5,7,3,43,9,,0,53,34,0,0,0,1000-01-01 00:00:00,,,0,0.0,0,0,0,0,0,0,0,0,0000-00-00 00:00:00,1.0
WebTraining098,5,0,23,2,1.352004194E9,1.354610779E9,31.0,0,1,1,1,1,21,5,,0,0,0,0,0,0,2012-11-00 00:00:00,http://weva.hotcom-web.com/wordpress/,,20,11577.45,6,0,4,0,9,0,4,6,2012-11-12 04:55:46,1.0
Webizly,9,0,131,7,1.365740198E9,1.370880324E9,60.0,0,1,3,3,7,2,2,,0,0,0,0,0,0,1000-01-01 00:00:00,,,0,0.0,0,0,0,0,0,0,0,0,0000-00-00 00:00:00,
Xignite,1,0,7,2,1.355791489E9,1.368909432E9,152.0,1,1,1,2,0,0,0,,0,0,0,0,0,0,2011-12-02 00:00:00,www.xignite.com,,0,0.0,0,0,0,0,0,0,0,0,0000-00-00 00:00:00,3.0
XperiaFusion,5,6,13,1,1.349474386E9,1.352499802E9,36.0,0,1,3,0,0,0,0,,0,0,0,0,0,0,1000-01-01 00:00:00,,,0,0.0,0,0,0,0,0,0,0,0,0000-00-00 00:00:00,
ZTEPortingTool,3,2,74,3,1.340480383E9,1.352663312E9,142.0,1,1,2,8,2,0,0,,0,0,0,0,0,0,1000-01-01 00:00:00,,,0,0.0,0,0,0,0,0,0,0,0,0000-00-00 00:00:00,
Zagoos,1,0,21,2,1.383073379E9,1.385364029E9,27.0,0,1,1,0,0,0,0,,0,0,0,0,0,0,1000-01-01 00:00:00,,,0,0.0,0,0,0,0,0,0,0,0,0000-00-00 00:00:00,1.0
ZionSoft,2,0,65,1,1.370513997E9,1.38105619E9,123.0,1,1,3,0,0,0,0,,0,0,0,0,0,0,2012-06-00 00:00:00,http://www.zionsoft.net/,,2,11.6,2,0,0,0,0,0,1,2,2012-06-10 05:40:07,3.0
activeby,3,2,248,5,1.332411243E9,1.348250444E9,184.0,2,1,1,5,1,0,0,,0,0,0,0,0,0,2011-10-01 00:00:00,,,0,0.0,0,0,0,0,0,0,0,0,0000-00-00 00:00:00,3.0
acug,1,0,5,4,1.36695295E9,1.372086164E9,60.0,0,1,0,1,0,8,18,,0,0,0,0,0,0,2013-04-02 00:00:00,,,20,18670.18,2,0,2,0,16,0,1,2,2013-05-09 02:42:39,1.0
adcloud,23,12,539,20,1.332258439E9,1.382693605E9,584.0,11,1,4,122,24,72,32,,0,24,27,0,0,0,2011-04-02 00:00:00,dev.adcloud.com,,0,0.0,0,0,0,0,0,0,0,0,0000-00-00 00:00:00,3.0
adventure-io,1,0,23,1,1.36064534E9,1.369348421E9,101.0,0,1,1,0,0,0,0,,0,0,0,0,0,0,2013-02-00 00:00:00,https://gridkick.com/,,20,61180.87,2,0,16,0,0,0,1,2,2013-03-25 17:24:57,1.0
agilemd,18,3,94,3,1.367998125E9,1.383263541E9,177.0,2,1,3,15,3,1,0,4,0,0,2,0,0,0,2012-10-00 00:00:00,http://agilemd.com,,0,0.0,0,0,0,0,0,0,0,0,0000-00-00 00:00:00,3.0
allwrongworld,2,0,48,1,1.331454767E9,1.334528064E9,36.0,1,1,1,0,0,0,0,,0,0,0,0,0,0,1000-01-01 00:00:00,,,0,0.0,0,0,0,0,0,0,0,0,0000-00-00 00:00:00,
almende,18,0,1812,12,1.331653509E9,1.385119795E9,619.0,11,1,3,271,92,254,537,,3,27,40,1,2,2,1000-01-01 00:00:00,,,0,0.0,0,0,0,0,0,0,0,0,0000-00-00 00:00:00,2.0
anfema,2,1,18,2,1.379085319E9,1.384091826E9,58.0,1,1,1,0,0,0,0,,0,0,0,0,0,0,2012-05-00 00:00:00,http://anfe.ma,,1,0.0,1,0,0,0,0,0,1,1,2012-05-21 14:39:54,3.0
anideo,1,0,24,1,1.332438833E9,1.338260127E9,68.0,1,1,1,0,0,0,0,,0,0,0,0,0,0,1000-01-01 00:00:00,,,0,0.0,0,0,0,0,0,0,0,0,0000-00-00 00:00:00,3.0
annotationframework,4,0,82,2,1.368736329E9,1.384905356E9,188.0,0,1,3,0,0,0,0,,0,0,0,0,0,0,1000-01-01 00:00:00,,,0,0.0,0,0,0,0,0,0,0,0,0000-00-00 00:00:00,1.0
apicd,1,0,72,1,1.340381859E9,1.343088755E9,32.0,2,1,2,7,0,34,2,,0,0,0,0,0,0,2011-12-02 00:00:00,,,0,0.0,0,0,0,0,0,0,0,0,0000-00-00 00:00:00,1.0
apontador,9,3,247,14,1.332518277E9,1.384275126E9,600.0,2,1,6,23,28,3,3,,0,1,2,0,0,0,2010-09-00 00:00:00,http://blogs.apontador.com.br/tech,,0,0.0,0,0,0,0,0,0,0,0,0000-00-00 00:00:00,3.0
appfuel,5,0,1018,3,1.340602467E9,1.351259814E9,124.0,0,1,2,9,4,54,30,,0,2,2,0,0,0,1000-01-01 00:00:00,,,0,0.0,0,0,0,0,0,0,0,0,0000-00-00 00:00:00,3.0
argo,13,0,210,2,1.360776682E9,1.38444491E9,274.0,1,2,1,16,10,41,62,,0,5,5,0,0,0,1000-01-01 00:00:00,,,0,0.0,0,0,0,0,0,0,0,0,0000-00-00 00:00:00,2.0
ascendro,7,3,29,2,1.332962803E9,1.383499688E9,585.0,2,1,4,8,2,45,62,,0,1,3,0,0,0,2011-08-03 00:00:00,http://www.ascendro.de/,,0,0.0,0,0,0,0,0,0,0,0,0000-00-00 00:00:00,3.0
attr-encrypted,2,0,16,1,1.379393818E9,1.384477288E9,59.0,1,1,1,0,0,0,0,,0,0,3,0,0,0,1000-01-01 00:00:00,,,0,0.0,0,0,0,0,0,0,0,0,0000-00-00 00:00:00,2.0
baagi,2,0,59,3,1.335115149E9,1.380803866E9,529.0,2,1,2,12,3,0,0,,0,0,0,0,0,0,2012-04-02 00:00:00,baagi.org,,18,6521.02,1,0,12,4,0,0,1,1,2012-04-26 13:59:57,1.0
bandwidthcom,1,0,609,2,1.334239036E9,1.335806017E9,19.0,1,1,1,0,0,0,0,,0,0,0,0,0,0,1000-01-01 00:00:00,,,0,0.0,0,0,0,0,0,0,0,0,0000-00-00 00:00:00,1.0
barnowl,1,0,85,8,1.331743696E9,1.384681577E9,613.0,1,1,2,12,5,0,127,,0,51,59,0,0,0,2009-10-01 00:00:00,http://barnowl.mit.edu,,0,0.0,0,0,0,0,0,0,0,0,0000-00-00 00:00:00,2.0
beblog,4,1,11,1,1.368112795E9,1.374322799E9,72.0,1,1,1,0,0,0,0,,0,0,0,0,0,0,2013-05-00 00:00:00,http://beblog.fr,,18,103519.82,7,0,11,0,0,0,4,7,2013-07-20 12:19:59,1.0
bedrest,6,0,336,1,1.342751376E9,1.371434013E9,332.0,1,1,1,9,0,0,0,,0,0,0,0,0,0,2012-07-01 00:00:00,,,15,48571.92,2,0,12,1,0,0,2,2,2012-08-25 10:42:01,1.0
bgcom,6,1,16,3,1.350389923E9,1.382640409E9,374.0,2,1,2,2,0,0,0,,0,0,0,0,0,0,2012-10-00 00:00:00,http://www.bgcom.ch,,12,24586.85,4,0,6,2,0,0,2,4,2012-10-25 13:09:38,3.0
bigemployee,3,0,19,2,1.350690167E9,1.383807899E9,384.0,0,1,2,22,16,0,0,,0,0,1,0,0,0,2012-09-00 00:00:00,http://bigemployee.com,,9,68420.8,0,0,3,4,0,0,1,0,2012-12-06 11:03:35,3.0
biggrid,1,1,10,2,1.35055657E9,1.356018377E9,64.0,1,1,1,0,0,0,0,,0,0,0,0,0,0,2011-05-01 00:00:00,http://www.biggrid.nl/,,0,0.0,0,0,0,0,0,0,0,0,0000-00-00 00:00:00,3.0
bitdeli,40,11,254,2,1.352009619E9,1.370588141E9,216.0,3,1,2,44,84,1,1,,0,17,17,1,1,1,2011-10-01 00:00:00,bitdeli.com,,0,0.0,0,0,0,0,0,0,0,0,0000-00-00 00:00:00,2.0
blandroid,142,0,441,1,1.334026519E9,1.336508428E9,29.0,2,1,5,5,3,0,0,,0,0,0,0,0,0,1000-01-01 00:00:00,,,0,0.0,0,0,0,0,0,0,0,0,0000-00-00 00:00:00,
blueprintagencies2,5,0,67,2,1.361806477E9,1.383831645E9,255.0,0,1,1,0,0,0,0,,0,0,0,0,0,0,1000-01-01 00:00:00,,,0,0.0,0,0,0,0,0,0,0,0,0000-00-00 00:00:00,3.0
bluevox,2,3,4,1,1.362707431E9,1.370489101E9,91.0,1,1,2,0,0,0,0,,0,0,0,0,0,0,2012-06-02 00:00:00,www.bluevox.com.br,,0,0.0,0,0,0,0,0,0,0,0,0000-00-00 00:00:00,3.0
bolt,6,3,721,6,1.364114928E9,1.385385389E9,247.0,3,1,1,95,54,200,456,,0,73,155,0,0,0,2013-03-01 00:00:00,http://bolt.cm,,0,0.0,0,0,0,0,0,0,0,0,0000-00-00 00:00:00,3.0
bowstreet,6,2,23,3,1.357307718E9,1.385112391E9,322.0,2,1,4,5,2,10,1,,0,1,1,0,0,0,2012-07-01 00:00:00,http://bowstreet.de,,0,0.0,0,0,0,0,0,0,0,0,0000-00-00 00:00:00,3.0
braincrafted,21,0,592,1,1.344034883E9,1.385302454E9,478.0,3,1,3,124,77,74,112,19,0,22,42,2,2,1,2012-07-02 00:00:00,http://braincrafted.com,,6,3187.02,4,0,0,0,0,0,3,4,2012-07-23 18:21:27,2.0
bravenet,2,0,10,1,1.35242051E9,1.362679935E9,119.0,1,1,1,3,1,0,0,,0,0,0,0,0,0,2011-05-01 00:00:00,http://bravenet.com,,0,0.0,0,0,0,0,0,0,0,0,0000-00-00 00:00:00,3.0
brbl-yale,2,0,28,1,1.346256171E9,1.351281733E9,59.0,1,1,1,0,0,0,0,,0,0,0,0,0,0,2012-08-01 00:00:00,http://library.yale.edu/beinecke,,0,0.0,0,0,0,0,0,0,0,0,0000-00-00 00:00:00,3.0
broadcomCM,18,8,363,6,1.357213981E9,1.380383026E9,269.0,2,1,4,11,33,14,52,,0,20,11,0,0,0,1000-01-01 00:00:00,,,0,0.0,0,0,0,0,0,0,0,0,0000-00-00 00:00:00,2.0
buschmais,9,1,329,7,1.343984529E9,1.384878165E9,474.0,1,1,3,8,9,4,11,,0,1,3,0,0,0,2011-07-01 00:00:00,http://www.buschmais.de,,0,0.0,0,0,0,0,0,0,0,0,0000-00-00 00:00:00,3.0
buysellads,3,0,28,3,1.335025361E9,1.380346742E9,525.0,1,1,2,14,4,0,0,,0,0,0,0,0,0,2010-09-02 00:00:00,http://buysellads.com,,0,0.0,0,0,0,0,0,0,0,0,0000-00-00 00:00:00,3.0
callback,2,0,6,2,1.332784849E9,1.334170655E9,17.0,2,1,2,363,51,15,27,,3,15,0,0,0,0,1000-01-01 00:00:00,,,0,0.0,0,0,0,0,0,0,0,0,0000-00-00 00:00:00,1.0
calpath,18,4,1944,12,1.332279621E9,1.385167968E9,613.0,1,1,7,13,67,88,122,,0,129,164,0,0,0,2012-03-00 00:00:00,http://www.path.berkeley.edu/,,0,0.0,0,0,0,0,0,0,0,0,0000-00-00 00:00:00,3.0
cdominguez-team,1,0,116,2,1.372393054E9,1.384654397E9,142.0,0,1,2,0,0,0,0,,0,0,0,0,0,0,1000-01-01 00:00:00,,,0,0.0,0,0,0,0,0,0,0,0,0000-00-00 00:00:00,3.0
challama,1,0,3,1,1.369756147E9,1.373396939E9,43.0,0,1,0,0,0,0,0,,0,0,0,0,0,0,1000-01-01 00:00:00,,,0,0.0,0,0,0,0,0,0,0,0,0000-00-00 00:00:00,1.0
chipkit,2,0,111,4,1.333567864E9,1.339304688E9,67.0,2,1,1,0,0,18,6,,0,0,0,0,0,0,1000-01-01 00:00:00,,,0,0.0,0,0,0,0,0,0,0,0,0000-00-00 00:00:00,1.0
churchdeploy,3,0,306,4,1.349454431E9,1.385144631E9,414.0,2,1,3,6,14,9,3,,0,0,0,0,0,0,1000-01-01 00:00:00,,,0,0.0,0,0,0,0,0,0,0,0,0000-00-00 00:00:00,3.0
ciandtmobilestudio,2,1,60,3,1.381425935E9,1.383753686E9,27.0,0,1,1,0,0,0,0,,0,0,2,0,0,0,2012-04-01 00:00:00,www.ciandt.com,,0,0.0,0,0,0,0,0,0,0,0,0000-00-00 00:00:00,3.0
citusdata,5,0,13,4,1.350456766E9,1.384761392E9,398.0,0,1,2,107,17,3,15,,0,4,4,1,2,2,2012-10-01 00:00:00,citusdata.com,,20,860.15,1,0,3,15,0,0,1,1,2012-10-17 20:55:49,3.0
cm-msm8660,5,9,160,2,1.368384908E9,1.377129889E9,102.0,2,2,3,8,2,0,1,,0,1,0,0,0,0,1000-01-01 00:00:00,,,0,0.0,0,0,0,0,0,0,0,0,0000-00-00 00:00:00,
code-academy,2,0,42,2,1.332037789E9,1.333931354E9,22.0,1,1,1,6,0,0,0,,0,1,0,0,0,0,1000-01-01 00:00:00,,,0,0.0,0,0,0,0,0,0,0,0,0000-00-00 00:00:00,
codeeu,1,0,140,5,1.377787791E9,1.385382665E9,88.0,0,1,1,0,0,0,0,,0,0,43,0,0,0,2013-08-02 00:00:00,http://codeweek.eu,,20,61622.37,2,0,16,1,0,0,1,2,2013-10-11 09:38:49,3.0
codefodder,1,0,20,1,1.358052791E9,1.362469158E9,52.0,1,1,1,0,0,0,0,,0,0,0,0,0,0,1000-01-01 00:00:00,,,0,0.0,0,0,0,0,0,0,0,0,0000-00-00 00:00:00,1.0
coderwall-honeybadger,1,0,3,1,1.355971103E9,1.364574772E9,100.0,0,1,0,0,0,0,0,,0,0,0,0,0,0,1000-01-01 00:00:00,,,0,0.0,0,0,0,0,0,0,0,0,0000-00-00 00:00:00,3.0
codigojade,1,0,8,1,1.363077579E9,1.363652746E9,7.0,0,1,1,0,0,0,0,,0,1,1,0,0,0,1000-01-01 00:00:00,,,0,0.0,0,0,0,0,0,0,0,0,0000-00-00 00:00:00,1.0
codingwell,4,2,33,1,1.349593598E9,1.37637382E9,310.0,1,1,2,13,6,15,33,,0,2,1,1,2,2,2012-09-02 00:00:00,https://codingwell.net,,17,70465.97,2,1,15,0,0,0,2,2,2012-12-10 00:59:13,1.0
codream,2,0,21,2,1.383208687E9,1.385371755E9,26.0,0,1,1,0,0,0,0,,0,0,0,0,0,0,1000-01-01 00:00:00,,,0,0.0,0,0,0,0,0,0,0,0,0000-00-00 00:00:00,1.0
composition,1,0,18,1,1.346049561E9,1.347106567E9,13.0,0,1,1,45,2,0,4,,0,2,2,0,0,0,1000-01-01 00:00:00,,,0,0.0,0,0,0,0,0,0,0,0,0000-00-00 00:00:00,1.0
crowd-coordination,1,1,5,2,1.382644797E9,1.383774316E9,14.0,0,1,0,0,0,0,0,,0,0,0,0,0,0,1000-01-01 00:00:00,,,0,0.0,0,0,0,0,0,0,0,0,0000-00-00 00:00:00,1.0
crowdtask,1,1,19,1,1.368757158E9,1.383024665E9,166.0,1,1,1,0,0,0,0,,0,0,0,0,0,0,1000-01-01 00:00:00,,,0,0.0,0,0,0,0,0,0,0,0,0000-00-00 00:00:00,3.0
csumb-cst251,2,0,81,1,1.349328666E9,1.363186883E9,161.0,0,1,1,0,0,0,0,,0,0,0,0,0,0,1000-01-01 00:00:00,,,0,0.0,0,0,0,0,0,0,0,0,0000-00-00 00:00:00,3.0
cymait,3,1,9,2,1.333294701E9,1.378493782E9,524.0,1,1,2,7,2,6,0,,0,0,0,0,0,0,1000-01-01 00:00:00,,,0,0.0,0,0,0,0,0,0,0,0,0000-00-00 00:00:00,1.0
datafiniti,8,1,62,2,1.358981349E9,1.384796004E9,299.0,1,1,4,1,0,4,2,,0,0,0,0,0,0,2012-06-00 00:00:00,https://www.datafiniti.net,,0,0.0,0,0,0,0,0,0,0,0,0000-00-00 00:00:00,3.0
dbgroup-at-ucsc,1,0,45,1,1.367027834E9,1.384752907E9,206.0,0,1,1,0,0,0,0,,0,0,0,0,0,0,1000-01-01 00:00:00,,,0,0.0,0,0,0,0,0,0,0,0,0000-00-00 00:00:00,3.0
dcuolfg,1,0,6,1,1.359207734E9,1.364221535E9,59.0,1,1,1,0,1,2,0,,0,0,0,0,0,0,1000-01-01 00:00:00,,,0,0.0,0,0,0,0,0,0,0,0,0000-00-00 00:00:00,1.0
de-tu-berlin-tfs,1,2,169,3,1.358419991E9,1.370940266E9,145.0,1,2,1,0,0,1,0,,0,1,1,0,0,0,1000-01-01 00:00:00,,,0,0.0,0,0,0,0,0,0,0,0,0000-00-00 00:00:00,3.0
degeneratedlabs,5,4,40,1,1.335642018E9,1.349487909E9,161.0,3,1,3,2,6,4,0,,0,0,0,0,0,0,1000-01-01 00:00:00,,,0,0.0,0,0,0,0,0,0,0,0,0000-00-00 00:00:00,
deisseroth-lab,1,0,4,1,1.370395999E9,1.376957479E9,76.0,1,1,1,0,0,0,0,,0,0,0,0,0,0,1000-01-01 00:00:00,,,0,0.0,0,0,0,0,0,0,0,0,0000-00-00 00:00:00,3.0
deployrb,1,0,39,2,1.331463615E9,1.358269993E9,311.0,1,1,1,19,9,21,34,,0,2,2,0,0,0,1000-01-01 00:00:00,,,0,0.0,0,0,0,0,0,0,0,0,0000-00-00 00:00:00,
devcomp,2,0,23,1,1.333754064E9,1.375518045E9,484.0,1,1,2,1,0,1,0,,0,0,0,0,0,0,2010-09-01 00:00:00,http://developercompanion.com,,0,0.0,0,0,0,0,0,0,0,0,0000-00-00 00:00:00,3.0
devmiles,2,1,13,1,1.341495008E9,1.370071005E9,331.0,1,1,2,3,0,0,0,,0,0,0,0,0,0,2012-07-00 00:00:00,http://www.devmiles.com,,5,5533.18,3,0,2,0,0,0,1,3,2012-07-09 09:37:26,3.0
devontech,10,10,76,3,1.377066724E9,1.384793888E9,90.0,4,1,3,0,0,0,0,,0,0,1,0,0,0,2009-06-02 00:00:00,www.devontechnologies.com,,0,0.0,0,0,0,0,0,0,0,0,0000-00-00 00:00:00,3.0
devws,1,0,14,2,1.366187648E9,1.368648936E9,29.0,0,1,1,0,0,2,0,,0,0,0,0,0,0,1000-01-01 00:00:00,,,0,0.0,0,0,0,0,0,0,0,0,0000-00-00 00:00:00,
dhudaddy,4,0,13,2,1.382977914E9,1.385371611E9,28.0,0,1,2,0,0,0,0,,0,0,2,0,0,0,1000-01-01 00:00:00,,,0,0.0,0,0,0,0,0,0,0,0,0000-00-00 00:00:00,1.0
dial800,7,1,318,4,1.33157173E9,1.360267711E9,333.0,6,1,2,0,0,1,0,,0,0,0,0,0,0,2011-03-02 00:00:00,www.dial800.com,,0,0.0,0,0,0,0,0,0,0,0,0000-00-00 00:00:00,3.0
dirtrally,1,0,11,1,1.345200393E9,1.365522628E9,236.0,1,1,0,2,0,54,54,,0,0,0,0,0,0,2012-05-02 00:00:00,www.dirtrally.net,,0,0.0,0,0,0,0,0,0,0,0,0000-00-00 00:00:00,2.0
dkrhSeniorProject,1,0,16,2,1.364836887E9,1.365782437E9,11.0,0,1,1,0,0,0,0,,0,0,0,0,0,0,1000-01-01 00:00:00,,,0,0.0,0,0,0,0,0,0,0,0,0000-00-00 00:00:00,1.0
dq10-11IV,4,2,113,3,1.379673193E9,1.382582068E9,34.0,1,1,3,0,0,0,0,,0,0,0,0,0,0,2013-09-01 00:00:00,,,20,11547.78,3,1,17,0,0,0,3,3,2013-09-25 03:00:46,1.0
drivy,3,5,5,2,1.37649481E9,1.384774145E9,96.0,3,1,2,0,0,0,0,,0,0,0,0,0,0,2012-06-02 00:00:00,http://www.drivy.com,,0,0.0,0,0,0,0,0,0,0,0,0000-00-00 00:00:00,3.0
droptype,15,8,122,3,1.336513656E9,1.380748865E9,512.0,10,1,4,28,3,32,10,,0,3,2,0,0,0,2012-01-02 00:00:00,http://droptype.com,,0,0.0,0,0,0,0,0,0,0,0,0000-00-00 00:00:00,2.0
drupalchina,3,0,74,3,1.365550574E9,1.37390887E9,97.0,0,1,2,0,0,0,0,,0,0,0,0,0,0,1000-01-01 00:00:00,,,0,0.0,0,0,0,0,0,0,0,0,0000-00-00 00:00:00,1.0
duke-libraries,6,0,865,4,1.350587431E9,1.385158194E9,401.0,1,1,4,5,1,397,66,,0,0,84,0,0,0,2012-10-01 00:00:00,http://library.duke.edu/,,21,1737.73,2,0,5,1,12,0,1,2,2012-10-19 19:58:09,3.0
dustmap,4,0,21,2,1.370699889E9,1.377471993E9,79.0,0,1,2,0,0,0,0,,0,0,0,0,0,0,2013-06-00 00:00:00,http://www.dustmap.org/,,20,70853.28,5,0,15,0,0,0,3,5,2013-07-27 18:32:58,2.0
eastbaydev,7,0,231,2,1.335818597E9,1.343436501E9,89.0,1,1,2,1,0,31,5,,0,0,0,0,0,0,2012-04-03 00:00:00,eastbaywebshop.com,,20,31414.48,7,0,11,0,2,0,4,7,2012-05-22 15:53:57,3.0
ecloud,1,0,96,1,1.345771043E9,1.38370806E9,440.0,1,1,1,0,0,0,0,,0,0,0,0,0,0,1000-01-01 00:00:00,,,0,0.0,0,0,0,0,0,0,0,0,0000-00-00 00:00:00,1.0
eggforsale,5,0,47,1,1.371037605E9,1.378738543E9,90.0,1,1,3,0,0,0,0,2,0,0,0,0,0,0,2013-06-00 00:00:00,http://eggforsale.com,,20,22837.23,4,0,15,1,0,0,3,4,2013-06-24 18:57:00,3.0
eligotech,5,1,42,3,1.340034234E9,1.381910778E9,485.0,1,1,3,3,0,0,0,,0,1,1,0,0,0,2012-02-02 00:00:00,www.eligotech.com,,0,0.0,0,0,0,0,0,0,0,0,0000-00-00 00:00:00,3.0
emcconsulting,4,3,12,2,1.353961698E9,1.381814605E9,323.0,1,1,3,0,0,0,0,,0,0,0,0,0,0,2011-05-01 00:00:00,http://emc.com/consulting,,0,0.0,0,0,0,0,0,0,0,0,0000-00-00 00:00:00,3.0
enb-make,7,0,257,5,1.36863462E9,1.385391307E9,194.0,1,1,1,18,6,14,12,3,0,5,44,0,0,0,1000-01-01 00:00:00,,,0,0.0,0,0,0,0,0,0,0,0,0000-00-00 00:00:00,2.0
enricheers,5,3,46,2,1.381499927E9,1.384446255E9,35.0,1,1,2,0,0,0,0,,0,0,0,0,0,0,1000-01-01 00:00:00,,,0,0.0,0,0,0,0,0,0,0,0,0000-00-00 00:00:00,1.0
eol-globi,1,0,21,2,1.382031289E9,1.384974211E9,35.0,0,1,1,0,0,0,0,,0,0,0,0,0,0,1000-01-01 00:00:00,,,0,0.0,0,0,0,0,0,0,0,0,0000-00-00 00:00:00,3.0
equipote,3,2,25,2,1.372159959E9,1.375736029E9,42.0,1,1,2,0,0,0,0,,0,0,0,0,0,0,2013-06-01 00:00:00,https://red.democraciarealya.es/pg/groups/192252/equipo-te/,,3,11572.3,0,2,2,0,0,0,2,0,2013-06-25 11:37:51,3.0
ese-unibe-ch,18,0,4296,75,1.347962502E9,1.385394852E9,434.0,0,1,4,23,13,1234,688,7,0,7,132,0,0,0,2010-09-01 00:00:00,,,0,0.0,0,0,0,0,0,0,0,0,0000-00-00 00:00:00,3.0
euromoney-delphi,3,3,7,3,1.360587129E9,1.379417518E9,218.0,2,1,3,0,0,0,0,,0,0,0,0,0,0,1000-01-01 00:00:00,,,0,0.0,0,0,0,0,0,0,0,0,0000-00-00 00:00:00,1.0
eventick,5,4,156,5,1.33467377E9,1.379631718E9,521.0,1,1,2,18,8,7,5,,0,2,1,0,0,0,2011-11-02 00:00:00,http://blog.eventick.com.br,,0,0.0,0,0,0,0,0,0,0,0,0000-00-00 00:00:00,3.0
exmo,20,2,471,4,1.340202347E9,1.384261936E9,510.0,1,1,6,23,17,0,0,,0,0,0,0,0,0,2012-06-01 00:00:00,,,20,7579.38,4,0,16,0,0,0,3,4,2012-06-25 19:57:50,2.0
express42,6,4,116,4,1.337647469E9,1.385390883E9,553.0,1,1,3,19,7,3,0,,0,3,1,0,0,0,2012-04-00 00:00:00,http://express42.com,,0,0.0,0,0,0,0,0,0,0,0,0000-00-00 00:00:00,3.0
expressodev,11,0,266,2,1.332311838E9,1.383046845E9,588.0,4,1,1,313,121,128,195,,0,34,23,3,5,3,1000-01-01 00:00:00,,,0,0.0,0,0,0,0,0,0,0,0,0000-00-00 00:00:00,3.0
eyeqmc-study,1,0,11,2,1.359130463E9,1.368582113E9,110.0,0,1,1,1,0,3,0,,0,0,0,0,0,0,2013-01-02 00:00:00,http://www.eyeq.co.kr,,20,26870.55,2,0,10,1,3,0,1,2,2013-02-13 07:13:56,3.0
fanscribed,1,1,64,1,1.331575744E9,1.369439137E9,439.0,1,1,1,28,2,49,9,,0,1,1,0,0,0,1000-01-01 00:00:00,,,0,0.0,0,0,0,0,0,0,0,0,0000-00-00 00:00:00,1.0
featurist,66,26,1017,6,1.331588784E9,1.385387472E9,623.0,13,1,9,216,55,87,90,,0,23,30,2,7,5,2011-09-00 00:00:00,http://featurist.co.uk,,0,0.0,0,0,0,0,0,0,0,0,0000-00-00 00:00:00,3.0
fhacktory,3,0,159,8,1.378163517E9,1.381866627E9,43.0,1,1,3,0,0,0,0,,0,0,0,0,0,0,1000-01-01 00:00:00,,,0,0.0,0,0,0,0,0,0,0,0,0000-00-00 00:00:00,1.0
findfun-hyz,1,0,13,2,1.38406505E9,1.384591955E9,7.0,0,1,1,0,0,0,0,,0,0,0,0,0,0,1000-01-01 00:00:00,,,0,0.0,0,0,0,0,0,0,0,0,0000-00-00 00:00:00,1.0
fingerpaintmarketing,2,0,18,1,1.351791752E9,1.373394093E9,251.0,0,1,2,3,1,8,2,,0,1,1,0,0,0,2012-10-02 00:00:00,http://fingerpaintmarketing.com,,17,27514.13,2,0,7,0,8,0,2,2,2012-11-20 20:16:40,3.0
fixture-py,1,0,8,2,1.372335918E9,1.372935767E9,7.0,0,1,1,0,0,0,0,,0,0,2,0,0,0,1000-01-01 00:00:00,,,0,0.0,0,0,0,0,0,0,0,0,0000-00-00 00:00:00,1.0
flipstudio,20,19,73,8,1.344624419E9,1.383760406E9,453.0,6,1,4,3,1,0,0,,0,2,4,0,0,0,1000-01-01 00:00:00,,,0,0.0,0,0,0,0,0,0,0,0,0000-00-00 00:00:00,3.0
freevo,9,0,274,3,1.332830312E9,1.372067101E9,455.0,5,1,2,15,24,18,101,,0,28,25,0,0,0,2012-01-01 00:00:00,www.freevo.org,,0,0.0,0,0,0,0,0,0,0,0,0000-00-00 00:00:00,2.0
funstudios,3,0,34,1,1.36398007E9,1.367385553E9,40.0,0,1,1,0,0,0,0,,0,0,0,0,0,0,2012-09-01 00:00:00,,,0,0.0,0,0,0,0,0,0,0,0,0000-00-00 00:00:00,1.0
gablab,4,1,41,4,1.352164889E9,1.382559403E9,352.0,2,1,3,3,17,20,143,,0,28,37,0,0,0,1000-01-01 00:00:00,,,0,0.0,0,0,0,0,0,0,0,0,0000-00-00 00:00:00,3.0
gael-ltd,6,3,208,12,1.337592321E9,1.381436278E9,508.0,2,1,2,0,0,0,28,,0,33,27,0,0,0,2011-09-01 00:00:00,http://www.gaelquality.com/,,0,0.0,0,0,0,0,0,0,0,0,0000-00-00 00:00:00,3.0
ganttly,1,0,31,3,1.368603757E9,1.36998125E9,16.0,0,1,1,1,0,0,0,,0,1,1,0,0,0,1000-01-01 00:00:00,,,0,0.0,0,0,0,0,0,0,0,0,0000-00-00 00:00:00,1.0
garagegeeksco,2,0,264,2,1.334230212E9,1.338249756E9,47.0,2,1,2,0,9,0,3,,0,3,0,0,0,0,2012-04-01 00:00:00,http://garagegeeks.herokuapp.com,,0,0.0,0,0,0,0,0,0,0,0,0000-00-00 00:00:00,3.0
gcmd3,1,0,2,1,1.365286742E9,1.369411098E9,48.0,0,1,1,0,0,0,0,,0,0,0,0,0,0,1000-01-01 00:00:00,,,0,0.0,0,0,0,0,0,0,0,0,0000-00-00 00:00:00,1.0
geany,8,0,1300,11,1.331576675E9,1.385203983E9,621.0,5,1,5,426,323,0,735,,0,323,180,1,2,2,2011-10-00 00:00:00,http://www.geany.org,,0,0.0,0,0,0,0,0,0,0,0,0000-00-00 00:00:00,2.0
gec,13,3,904,7,1.331561794E9,1.384985315E9,619.0,5,1,6,27,21,0,9,,0,8,8,0,0,0,2011-01-00 00:00:00,http://gec.github.com/Total-Grid/,,0,0.0,0,0,0,0,0,0,0,0,0000-00-00 00:00:00,3.0
geek-university,2,0,154,3,1.362930922E9,1.368654574E9,67.0,0,1,2,0,0,44,6,,0,0,0,0,0,0,1000-01-01 00:00:00,,,0,0.0,0,0,0,0,0,0,0,0,0000-00-00 00:00:00,1.0
geosolutions-it,44,12,3442,21,1.331918749E9,1.385391665E9,619.0,9,2,8,106,63,1905,475,,0,81,192,1,1,0,2011-05-00 00:00:00,http://www.geo-solutions.it,,0,0.0,0,0,0,0,0,0,0,0,0000-00-00 00:00:00,3.0
gfax,14,1,234,2,1.357606501E9,1.383237277E9,297.0,4,1,1,2,3,2,4,,0,4,3,0,0,0,2013-01-00 00:00:00,,,0,0.0,0,0,0,0,0,0,0,0,0000-00-00 00:00:00,1.0
gluegent,9,3,24,2,1.36470502E9,1.378114892E9,156.0,1,1,3,0,0,4,1,,0,2,3,0,0,0,2012-12-00 00:00:00,http://www.gluegent.com/,,0,0.0,0,0,0,0,0,0,0,0,0000-00-00 00:00:00,3.0
gogol-medien,3,0,24,1,1.371042114E9,1.380025588E9,104.0,0,1,2,0,0,0,0,,0,0,4,0,0,0,2013-05-01 00:00:00,http://www.gogol-medien.de,,20,7415.05,3,0,12,0,0,4,1,3,2013-06-17 12:59:15,3.0
goodbrews,7,3,190,1,1.360875156E9,1.383605881E9,264.0,5,1,3,8,5,0,0,,0,0,0,0,0,0,2012-10-00 00:00:00,https://goodbre.ws/,,0,0.0,0,0,0,0,0,0,0,0,0000-00-00 00:00:00,3.0
granitehorizon,1,0,24,3,1.370897651E9,1.374607781E9,43.0,0,1,1,0,0,0,0,,0,0,0,0,0,0,1000-01-01 00:00:00,,,0,0.0,0,0,0,0,0,0,0,0,0000-00-00 00:00:00,3.0
grjug,2,0,20,3,1.368617986E9,1.379423377E9,126.0,1,1,1,0,0,0,0,,0,0,0,0,0,0,1000-01-01 00:00:00,,,0,0.0,0,0,0,0,0,0,0,0,0000-00-00 00:00:00,1.0
gromacs,4,0,3022,1,1.331545029E9,1.384970385E9,619.0,2,1,5,22,24,0,0,,0,0,0,0,0,0,2009-06-00 00:00:00,www.gromacs.org,,0,0.0,0,0,0,0,0,0,0,0,0000-00-00 00:00:00,2.0
group-20-57-61,3,0,12,5,1.379384209E9,1.380018774E9,8.0,0,1,0,0,0,0,0,,0,0,0,0,0,0,1000-01-01 00:00:00,,,0,0.0,0,0,0,0,0,0,0,0,0000-00-00 00:00:00,1.0
groupefungo,7,3,95,4,1.357230785E9,1.385126604E9,323.0,1,1,2,1,2,0,0,,0,0,0,0,0,0,2011-12-02 00:00:00,www.fungo.ca,,0,0.0,0,0,0,0,0,0,0,0,0000-00-00 00:00:00,3.0
hadoop-illuminated,5,0,134,5,1.370157046E9,1.38415368E9,162.0,0,1,3,1,0,0,0,,0,0,0,0,0,0,2013-05-02 00:00:00,http://hadoopilluminated.com,,20,26714.58,7,0,12,1,0,0,3,7,2013-06-20 14:55:20,3.0
halfreal,3,1,15,2,1.376949504E9,1.385393878E9,98.0,0,1,2,0,0,0,0,,0,0,1,0,0,0,1000-01-01 00:00:00,,,0,0.0,0,0,0,0,0,0,0,0,0000-00-00 00:00:00,1.0
ham21,2,0,214,1,1.335226662E9,1.352825961E9,204.0,1,1,2,22,0,3,0,,29,0,0,1,1,1,1000-01-01 00:00:00,,,0,0.0,0,0,0,0,0,0,0,0,0000-00-00 00:00:00,
handstandtech,4,1,34,1,1.332776075E9,1.381597175E9,566.0,1,1,1,4,1,0,0,,0,0,0,0,0,0,2010-12-02 00:00:00,http://handstandtech.com,,0,0.0,0,0,0,0,0,0,0,0,0000-00-00 00:00:00,3.0
haxenme,6,1,861,9,1.345525096E9,1.382852771E9,433.0,3,1,5,311,146,31,222,,0,64,48,1,2,2,2012-08-02 00:00:00,http://www.nme.io,,20,138641.53,2,0,7,3,2,5,3,2,2012-11-25 11:57:36,3.0
hibari,23,9,261,1,1.348965319E9,1.365308938E9,190.0,6,1,4,42,19,63,126,,0,1,0,0,0,0,2010-11-01 00:00:00,http://hibari.github.com/hibari-doc,,0,0.0,0,0,0,0,0,0,0,0,0000-00-00 00:00:00,3.0
hoangnhien,2,0,55,1,1.340916284E9,1.354272996E9,155.0,0,1,1,0,0,0,0,,0,0,0,0,0,0,1000-01-01 00:00:00,,,0,0.0,0,0,0,0,0,0,0,0,0000-00-00 00:00:00,1.0
hpgem,6,6,34,3,1.363210774E9,1.379698162E9,191.0,4,1,1,0,0,0,0,,0,0,0,0,0,0,2012-03-01 00:00:00,,,0,0.0,0,0,0,0,0,0,0,0,0000-00-00 00:00:00,1.0
hungrytribe,1,1,54,2,1.354753736E9,1.358991532E9,50.0,1,1,1,0,0,0,0,,0,0,0,0,0,0,2011-08-00 00:00:00,nutrivise.com,,0,0.0,0,0,0,0,0,0,0,0,0000-00-00 00:00:00,
hydrologics,3,0,51,4,1.332395738E9,1.379139587E9,542.0,1,1,1,0,0,6,1,,0,10,10,0,0,0,2010-08-01 00:00:00,www.hydrologics.net,,0,0.0,0,0,0,0,0,0,0,0,0000-00-00 00:00:00,3.0
iasta,2,2,21,2,1.333481222E9,1.335212013E9,21.0,2,1,2,0,0,0,0,,0,0,0,0,0,0,1000-01-01 00:00:00,,,0,0.0,0,0,0,0,0,0,0,0,0000-00-00 00:00:00,1.0
icilaba-creation,6,0,25,2,1.335718437E9,1.359699417E9,278.0,0,1,2,0,0,0,0,,0,0,0,0,0,0,2012-04-02 00:00:00,http://www.icilaba-creation.com,,20,104543.48,13,0,7,0,0,0,7,13,2012-07-11 07:06:59,3.0
icpc-live,2,0,108,9,1.370957901E9,1.385335307E9,167.0,0,1,2,0,0,0,0,,0,0,0,0,0,0,1000-01-01 00:00:00,,,0,0.0,0,0,0,0,0,0,0,0,0000-00-00 00:00:00,3.0
icti,7,0,17,1,1.347453017E9,1.3844329E9,429.0,0,1,3,0,0,0,0,,0,0,0,0,0,0,2011-09-00 00:00:00,http://www.icti.es,,0,0.0,0,0,0,0,0,0,0,0,0000-00-00 00:00:00,3.0
ideacreation,1,0,10,2,1.359922536E9,1.380462482E9,238.0,0,1,1,0,0,0,0,,0,0,0,0,0,0,2012-02-01 00:00:00,www.e-guma.ch,,0,0.0,0,0,0,0,0,0,0,0,0000-00-00 00:00:00,3.0
idebate,2,0,16,1,1.360331726E9,1.365172984E9,57.0,1,1,1,0,0,0,0,,0,0,0,0,0,0,2013-02-00 00:00:00,http://www.idebate.org,,19,80687.7,3,0,16,0,0,0,3,3,2013-04-05 14:43:04,3.0
ifLab,6,0,30,3,1.382616907E9,1.385052101E9,29.0,1,1,3,0,0,0,0,,0,0,0,0,0,0,2013-10-02 00:00:00,www.iflab.org,,20,24306.0,8,0,5,0,0,0,7,8,2013-11-08 04:41:34,3.0
imazen-discovery,4,1,226,2,1.375809423E9,1.385165837E9,109.0,1,1,2,0,0,0,0,,0,0,1,0,0,0,1000-01-01 00:00:00,,,0,0.0,0,0,0,0,0,0,0,0,0000-00-00 00:00:00,3.0
infostyle,1,0,52,1,1.331691764E9,1.356627288E9,289.0,1,1,1,5,0,13,0,,0,0,0,0,0,0,2011-03-00 00:00:00,http://infostyle.com.ua/,,0,0.0,0,0,0,0,0,0,0,0,0000-00-00 00:00:00,1.0
inleadmedia,14,12,284,9,1.332492567E9,1.383823913E9,595.0,1,1,2,0,5,0,4,,0,3,3,0,0,0,2010-05-02 00:00:00,,,0,0.0,0,0,0,0,0,0,0,0,0000-00-00 00:00:00,3.0
inruntime,3,3,194,1,1.332654793E9,1.381067534E9,561.0,2,1,1,31,18,0,0,,0,0,0,0,0,0,2009-10-01 00:00:00,http://www.inruntime.com,,0,0.0,0,0,0,0,0,0,0,0,0000-00-00 00:00:00,3.0
instrumentio,5,4,23,1,1.36210042E9,1.367012284E9,57.0,2,1,1,0,0,0,0,,0,0,0,0,0,0,1000-01-01 00:00:00,,,0,0.0,0,0,0,0,0,0,0,0,0000-00-00 00:00:00,1.0
interarma,4,1,7,1,1.368833289E9,1.372780415E9,46.0,1,2,1,0,0,0,0,,0,0,0,0,0,0,2013-05-01 00:00:00,http://interarma.org,,7,65785.43,0,1,7,0,0,0,4,0,2013-07-02 15:53:35,3.0
interline,13,7,105,4,1.333135391E9,1.385158471E9,603.0,4,1,3,269,78,30,74,,0,28,4,1,10,7,2011-03-01 00:00:00,,,0,0.0,0,0,0,0,0,0,0,0,0000-00-00 00:00:00,3.0
intermine,38,13,3806,12,1.331729424E9,1.385390501E9,622.0,18,2,9,30,113,997,708,2,2,32,36,0,0,0,2010-01-01 00:00:00,www.intermine.org,,0,0.0,0,0,0,0,0,0,0,0,0000-00-00 00:00:00,3.0
iot-pune,14,3,73,6,1.373365924E9,1.38393538E9,123.0,3,1,5,0,0,0,0,,0,0,0,0,0,0,1000-01-01 00:00:00,,,0,0.0,0,0,0,0,0,0,0,0,0000-00-00 00:00:00,
itsbspoke,8,1,89,3,1.372430612E9,1.385047937E9,147.0,0,1,3,0,0,0,0,,0,0,6,0,0,0,2010-07-00 00:00:00,http://itsbspoke.com/,,0,0.0,0,0,0,0,0,0,0,0,0000-00-00 00:00:00,3.0
izzui,5,0,169,4,1.375743763E9,1.385045626E9,108.0,0,1,3,0,0,0,0,,0,0,0,0,0,0,1000-01-01 00:00:00,,,0,0.0,0,0,0,0,0,0,0,0,0000-00-00 00:00:00,1.0
jmedialtd,2,0,10,2,1.376691666E9,1.377169167E9,6.0,0,1,0,0,0,0,0,,0,0,0,0,0,0,1000-01-01 00:00:00,,,0,0.0,0,0,0,0,0,0,0,0,0000-00-00 00:00:00,0.0
joinwire,6,5,168,3,1.333124943E9,1.349718898E9,193.0,3,1,1,6,5,0,39,,0,16,10,0,0,0,1000-01-01 00:00:00,,,0,0.0,0,0,0,0,0,0,0,0,0000-00-00 00:00:00,
joosy,9,0,634,6,1.35607195E9,1.384750378E9,332.0,4,1,4,35,16,31,57,8,0,4,23,0,0,0,2012-12-02 00:00:00,,,4,3723.93,2,0,1,1,0,0,1,2,2012-12-26 20:21:56,2.0
jspringbot,13,0,540,6,1.355147354E9,1.384939641E9,345.0,3,1,3,5,2,9,1,,0,0,2,0,0,0,2012-12-01 00:00:00,http://jspringbot.org/,,20,1899.13,1,0,19,0,0,0,4,1,2012-12-11 21:28:22,2.0
jungrelations,2,0,15,2,1.331582322E9,1.332350891E9,9.0,1,1,1,0,0,0,0,,0,0,0,0,0,0,2011-10-00 00:00:00,http://www.jungrelations.com/,,0,0.0,0,0,0,0,0,0,0,0,0000-00-00 00:00:00,3.0
kaizenplatform,4,5,9,2,1.376713444E9,1.384092138E9,86.0,2,1,3,0,0,0,0,,0,0,0,0,0,0,2013-06-00 00:00:00,http://kaizenplatform.in,,1,0.0,1,1,0,0,0,0,1,1,2013-06-17 06:12:11,3.0
keplerproject,17,2,476,6,1.332184801E9,1.384816716E9,610.0,16,1,3,429,189,111,457,3,6,83,98,3,4,3,2009-09-02 00:00:00,http://www.keplerproject.org,,0,0.0,0,0,0,0,0,0,0,0,0000-00-00 00:00:00,2.0
kera-inc,6,4,25,1,1.350066359E9,1.367265419E9,200.0,2,1,1,2,0,0,0,,0,0,0,0,0,0,2012-08-02 00:00:00,https://www.kera.io,,9,3064.87,1,2,8,0,0,0,1,1,2012-10-14 21:30:51,1.0
kickyourapp,4,0,228,6,1.33163706E9,1.37882772E9,547.0,1,1,1,13,0,0,0,,0,0,0,0,0,0,1000-01-01 00:00:00,,,0,0.0,0,0,0,0,0,0,0,0,0000-00-00 00:00:00,1.0
kindista,1,0,261,2,1.361584721E9,1.385156694E9,273.0,0,1,1,2,0,0,0,,0,0,0,0,0,0,2013-02-02 00:00:00,https://kindista.org/,,20,46279.12,1,0,17,2,0,0,1,1,2013-03-27 00:52:33,2.0
kindleit,1,1,22,1,1.368197264E9,1.385075367E9,196.0,1,1,1,0,0,0,0,,0,0,0,0,0,0,2010-08-02 00:00:00,http://www.kindleit.net,,0,0.0,0,0,0,0,0,0,0,0,0000-00-00 00:00:00,3.0
kit-cpp-workshop,19,0,931,7,1.33457888E9,1.355480794E9,242.0,1,1,2,53,246,9,185,,69,93,3,0,0,0,1000-01-01 00:00:00,,,0,0.0,0,0,0,0,0,0,0,0,0000-00-00 00:00:00,3.0
kohana-addons,2,0,3,1,1.357753222E9,1.359552627E9,21.0,0,1,1,0,3,0,0,,0,0,0,0,0,0,1000-01-01 00:00:00,,,0,0.0,0,0,0,0,0,0,0,0,0000-00-00 00:00:00,1.0
kort,3,0,97,4,1.361752749E9,1.384892328E9,268.0,1,1,2,0,5,12,16,,0,0,1,0,0,0,2013-01-01 00:00:00,http://www.kort.ch,,0,0.0,0,0,0,0,0,0,0,0,0000-00-00 00:00:00,3.0
la-conf,2,0,6,1,1.35662287E9,1.361919484E9,62.0,0,1,0,0,2,9,5,,0,1,1,0,0,0,2012-12-02 00:00:00,http://la-conf.org,,4,139.8,2,0,2,0,0,0,2,2,2012-12-27 15:44:05,3.0
lacoperon,8,0,254,2,1.351117681E9,1.357665806E9,76.0,0,1,4,0,0,0,0,,0,0,0,0,0,0,1000-01-01 00:00:00,,,0,0.0,0,0,0,0,0,0,0,0,0000-00-00 00:00:00,
language-club,2,0,13,3,1.381544305E9,1.384550857E9,35.0,1,1,1,0,0,0,0,,0,0,0,0,0,0,1000-01-01 00:00:00,,,0,0.0,0,0,0,0,0,0,0,0,0000-00-00 00:00:00,1.0
lbifullstack,5,0,58,1,1.340045928E9,1.344788132E9,55.0,0,1,3,0,0,0,0,,0,0,0,0,0,0,1000-01-01 00:00:00,,,0,0.0,0,0,0,0,0,0,0,0,0000-00-00 00:00:00,1.0
lbrn,3,0,301,4,1.350998928E9,1.384896359E9,393.0,3,1,3,1,0,11,3,,0,0,2,0,0,0,2012-07-00 00:00:00,http://lbrn.lsu.edu/,,0,0.0,0,0,0,0,0,0,0,0,0000-00-00 00:00:00,3.0
leaphub,4,2,50,2,1.349881501E9,1.383768197E9,393.0,2,1,2,0,0,0,0,,0,0,0,0,0,0,2012-09-01 00:00:00,http://www.leaphub.de,,20,50733.93,2,0,18,0,0,0,2,2,2012-11-14 19:20:42,3.0
ledapei,1,0,25,1,1.354006462E9,1.366085444E9,140.0,2,1,1,30,3,7,0,,0,1,1,0,0,0,2012-07-01 00:00:00,http://ledapei.com,,0,0.0,0,0,0,0,0,0,0,0,0000-00-00 00:00:00,3.0
libzero,2,0,57,2,1.355427843E9,1.382985292E9,319.0,1,1,1,0,2,0,0,,0,0,0,0,0,0,1000-01-01 00:00:00,,,0,0.0,0,0,0,0,0,0,0,0,0000-00-00 00:00:00,1.0
lightenna,7,0,23,2,1.338297186E9,1.385229798E9,544.0,2,1,2,0,0,0,0,,0,0,0,0,0,0,2011-09-00 00:00:00,http://www.lightenna.com/,,0,0.0,0,0,0,0,0,0,0,0,0000-00-00 00:00:00,3.0
lingret,12,11,86,1,1.342430004E9,1.377546007E9,407.0,2,1,2,7,1,0,0,,0,0,0,0,0,0,1000-01-01 00:00:00,,,0,0.0,0,0,0,0,0,0,0,0,0000-00-00 00:00:00,1.0
linux-wpan,2,0,78,2,1.363271134E9,1.381672881E9,213.0,0,2,1,1,0,7,0,,0,0,0,0,0,0,1000-01-01 00:00:00,,,0,0.0,0,0,0,0,0,0,0,0,0000-00-00 00:00:00,1.0
lonesignal,1,0,9,3,1.35153473E9,1.357944068E9,75.0,0,1,1,0,0,0,0,,0,0,0,0,0,0,1000-01-01 00:00:00,,,0,0.0,0,0,0,0,0,0,0,0,0000-00-00 00:00:00,0.0
lovelyrpgcommunity,1,0,2,1,1.370015831E9,1.376591366E9,77.0,1,1,1,6,1,0,0,,0,1,2,0,0,0,2010-07-02 00:00:00,http://lovelyrpgcommunity.github.com/,,0,0.0,0,0,0,0,0,0,0,0,0000-00-00 00:00:00,2.0
makeplans,2,0,26,1,1.365002089E9,1.38452428E9,226.0,1,1,1,0,1,0,0,,0,0,0,0,0,0,2013-03-01 00:00:00,http://makeplans.net,,0,0.0,0,0,0,0,0,0,0,0,0000-00-00 00:00:00,3.0
makingsensers,1,0,62,2,1.358879902E9,1.366041998E9,83.0,0,1,1,0,4,0,6,,0,6,4,0,0,0,1000-01-01 00:00:00,,,0,0.0,0,0,0,0,0,0,0,0,0000-00-00 00:00:00,2.0
matsuerb,3,0,102,4,1.368863372E9,1.385387718E9,192.0,0,1,2,1,2,0,0,,0,3,56,0,0,0,2013-05-01 00:00:00,http://matsue.rubyist.net/,,18,92224.25,2,0,6,1,0,7,1,2,2013-07-21 08:28:59,3.0
maytechnet,4,2,8,2,1.369402705E9,1.375889082E9,76.0,1,1,3,0,0,0,0,,0,0,0,0,0,0,1000-01-01 00:00:00,,,0,0.0,0,0,0,0,0,0,0,0,0000-00-00 00:00:00,1.0
mcgill-comp520-2013,1,0,36,2,1.379521089E9,1.385159821E9,66.0,1,1,2,0,0,0,0,,0,0,0,0,0,0,1000-01-01 00:00:00,,,0,0.0,0,0,0,0,0,0,0,0,0000-00-00 00:00:00,3.0
megarpi,1,1,13,2,1.383152001E9,1.385115227E9,23.0,0,1,1,0,0,0,0,,0,0,0,0,0,0,1000-01-01 00:00:00,,,0,0.0,0,0,0,0,0,0,0,0,0000-00-00 00:00:00,1.0
melbourne,3,1,23,2,1.337763729E9,1.383749171E9,533.0,1,1,2,0,0,0,0,,0,3,4,0,0,0,2011-10-00 00:00:00,http://www.melbourne.co.uk,,0,0.0,0,0,0,0,0,0,0,0,0000-00-00 00:00:00,3.0
mephi-ut,2,1,2,1,1.381916554E9,1.384512121E9,31.0,2,1,2,0,0,0,0,,0,0,0,0,0,0,2013-08-02 00:00:00,http://ut.mephi.ru,,6,43319.45,3,1,2,1,0,0,3,3,2013-11-15 10:42:01,3.0
mesoica,2,2,4,2,1.378217921E9,1.38390268E9,66.0,2,1,1,0,0,0,0,,0,0,1,0,0,0,2012-10-01 00:00:00,http://www.mesoica.com,,0,0.0,0,0,0,0,0,0,0,0,0000-00-00 00:00:00,3.0
metasepi,3,1,80,1,1.37354291E9,1.385353251E9,137.0,1,1,2,0,0,0,0,,0,0,0,0,0,0,2013-02-02 00:00:00,http://metasepi.org/,,0,0.0,0,0,0,0,0,0,0,0,0000-00-00 00:00:00,1.0
mezuka,3,5,21,2,1.363045365E9,1.370465851E9,86.0,3,1,1,0,0,0,0,,0,0,0,0,0,0,2012-10-02 00:00:00,,,0,0.0,0,0,0,0,0,0,0,0,0000-00-00 00:00:00,1.0
mirror-androidarmv6,50,39,490,1,1.370597972E9,1.385156262E9,169.0,3,1,6,0,0,0,0,,0,0,0,0,0,0,2012-08-02 00:00:00,,,0,0.0,0,0,0,0,0,0,0,0,0000-00-00 00:00:00,2.0
mit-gfx,4,4,7,1,1.355026252E9,1.382664351E9,320.0,4,1,2,1,0,0,0,,0,0,0,0,0,0,2010-12-00 00:00:00,http://graphics.csail.mit.edu/,,0,0.0,0,0,0,0,0,0,0,0,0000-00-00 00:00:00,3.0
mitgedanken,4,0,27,1,1.345758301E9,1.384016461E9,443.0,0,1,1,0,0,0,0,,0,0,0,0,0,0,2012-03-01 00:00:00,,,0,0.0,0,0,0,0,0,0,0,0,0000-00-00 00:00:00,1.0
momoxo,5,0,205,5,1.353648535E9,1.368272819E9,170.0,1,1,3,2,5,63,141,,0,6,6,0,0,0,1000-01-01 00:00:00,,,0,0.0,0,0,0,0,0,0,0,0,0000-00-00 00:00:00,1.0
monkeybros,2,0,38,3,1.360018478E9,1.365800238E9,67.0,0,2,1,3,1,0,0,,0,0,0,0,0,0,1000-01-01 00:00:00,,,0,0.0,0,0,0,0,0,0,0,0,0000-00-00 00:00:00,
muzeko,2,0,55,2,1.342283253E9,1.356400128E9,164.0,0,1,2,4,2,1,2,,0,0,0,0,0,0,2012-07-02 00:00:00,http://www.muzeko.com/,,20,22288.67,3,0,17,0,0,0,1,3,2012-07-30 03:14:06,3.0
muzicka,2,1,5,1,1.359963593E9,1.373992481E9,163.0,1,1,1,0,0,0,0,,0,0,0,0,0,0,1000-01-01 00:00:00,,,0,0.0,0,0,0,0,0,0,0,0,0000-00-00 00:00:00,2.0
mvno,1,0,38,3,1.359728336E9,1.384764858E9,290.0,0,1,1,1,4,3,1,,0,16,18,0,0,0,2010-07-00 00:00:00,http://www.mvno.dk/,,0,0.0,0,0,0,0,0,0,0,0,0000-00-00 00:00:00,1.0
mybb,5,1,785,17,1.338620639E9,1.385234024E9,540.0,0,3,3,139,147,67,263,,39,45,61,0,0,0,1000-01-01 00:00:00,,,0,0.0,0,0,0,0,0,0,0,0,0000-00-00 00:00:00,2.0
mysociety,60,13,9285,25,1.337127333E9,1.385393652E9,559.0,28,2,9,352,228,4754,3195,13,0,268,447,1,2,1,2009-10-01 00:00:00,http://www.mysociety.org/,,0,0.0,0,0,0,0,0,0,0,0,0000-00-00 00:00:00,3.0
nPulse,2,2,7,1,1.36553598E9,1.368544838E9,35.0,0,1,2,1,1,0,1,,0,7,7,0,0,0,2013-02-02 00:00:00,www.npulsetech.com,,4,9.82,1,0,0,0,1,1,1,1,2013-02-20 21:15:25,3.0
napile,15,2,348,2,1.336663547E9,1.384285368E9,552.0,2,1,3,5,1,38,2,,2,0,0,0,0,0,2012-07-02 00:00:00,http://must-be.org/,,20,22495.65,3,0,17,0,0,0,3,3,2012-05-26 06:21:26,
navstik,5,0,95,5,1.349269194E9,1.383129733E9,392.0,0,1,1,4,0,5,0,,0,0,0,0,0,0,2012-08-01 00:00:00,navstik.org,,0,0.0,0,0,0,0,0,0,0,0,0000-00-00 00:00:00,3.0
naxuat,5,1,81,1,1.344955222E9,1.366352526E9,248.0,1,1,2,1,0,0,0,,0,0,0,0,0,0,2012-08-01 00:00:00,http://naxuat.com,,0,0.0,0,0,0,0,0,0,0,0,0000-00-00 00:00:00,1.0
netvoxlab,3,0,11,1,1.337864738E9,1.361530174E9,274.0,0,1,1,2,0,0,0,,0,0,0,0,0,0,2011-10-01 00:00:00,http://netvoxlab.ru,,0,0.0,0,0,0,0,0,0,0,0,0000-00-00 00:00:00,3.0
newicon,7,1,905,9,1.331558202E9,1.385127791E9,621.0,1,1,2,5,3,4,3,,0,1,8,0,0,0,2010-07-02 00:00:00,www.newicon.net,,0,0.0,0,0,0,0,0,0,0,0,0000-00-00 00:00:00,3.0
nextlot,3,3,8,3,1.359460632E9,1.366283775E9,79.0,3,1,1,0,0,0,0,,0,0,0,0,0,0,2012-12-01 00:00:00,http://nextlot.com,,0,0.0,0,0,0,0,0,0,0,0,0000-00-00 00:00:00,3.0
ninemoreminutes,9,5,24,2,1.335304997E9,1.385164593E9,578.0,3,1,3,6,4,0,0,,0,0,1,0,0,0,2011-02-00 00:00:00,www.ninemoreminutes.com,,0,0.0,0,0,0,0,0,0,0,0,0000-00-00 00:00:00,3.0
nodesoft,1,0,14,3,1.376726469E9,1.377224261E9,6.0,0,1,1,0,0,0,0,,0,0,0,0,0,0,2013-08-01 00:00:00,,,15,8432.47,1,0,14,0,0,0,1,1,2013-08-23 02:17:41,1.0
novadiscovery,1,0,33,1,1.355825974E9,1.373446177E9,204.0,2,1,1,2,0,0,0,,0,0,0,0,0,0,2012-11-02 00:00:00,http://www.novadiscovery.com,,15,3110.88,4,0,10,1,0,0,1,4,2012-12-18 20:01:21,3.0
nsdemo,10,0,145,2,1.351500952E9,1.359556819E9,94.0,0,1,2,0,0,0,0,,0,0,0,0,0,0,1000-01-01 00:00:00,,,0,0.0,0,0,0,0,0,0,0,0,0000-00-00 00:00:00,1.0
nsupdate-info,2,2,193,2,1.380753866E9,1.385340269E9,54.0,2,1,1,0,0,0,0,,0,0,2,0,0,0,2013-10-00 00:00:00,http://nsupdate.info,,20,3825.65,0,1,19,1,0,0,1,0,2013-10-05 14:25:01,3.0
objects-on-rails,2,0,135,1,1.335440245E9,1.373937606E9,446.0,0,1,1,519,34,79,288,,0,36,31,1,1,1,2012-04-02 00:00:00,http://objectsonrails.com,,20,31376.78,2,0,11,2,2,2,2,2,2012-05-14 17:51:27,3.0
occupydc,2,2,33,2,1.331502176E9,1.332080216E9,7.0,1,1,2,11,0,0,0,,0,0,0,0,0,0,2012-02-00 00:00:00,,,0,0.0,0,0,0,0,0,0,0,0,0000-00-00 00:00:00,3.0
odentools,3,0,115,1,1.353595234E9,1.385337843E9,368.0,4,1,1,0,0,24,0,1,0,1,1,0,0,0,2012-11-02 00:00:00,https://sites.google.com/site/odentools/,,20,1488.73,2,0,18,0,0,0,1,2,2012-11-23 15:19:22,2.0
odhug,3,0,120,2,1.355849861E9,1.384720313E9,335.0,0,1,3,0,2,62,63,,0,4,4,0,0,0,2012-12-01 00:00:00,odhug.github.com,,16,2087.57,1,0,12,0,0,2,2,1,2012-12-20 03:45:15,2.0
okl,22,14,191,14,1.332504749E9,1.385068911E9,609.0,5,1,9,42,0,0,0,,0,0,0,0,0,0,2011-05-01 00:00:00,http://www.onekingslane.com,,0,0.0,0,0,0,0,0,0,0,0,0000-00-00 00:00:00,3.0
olap4j,2,0,61,5,1.354431461E9,1.377751861E9,270.0,0,1,1,18,15,2,4,,0,3,7,0,0,0,2012-12-00 00:00:00,http://olap4j.org,,20,24121.92,1,0,13,2,0,2,2,1,2012-12-17 21:24:17,2.0
onepiecegames,3,0,89,2,1.374223597E9,1.381505007E9,85.0,0,1,1,0,0,0,0,,0,0,0,0,0,0,1000-01-01 00:00:00,,,0,0.0,0,0,0,0,0,0,0,0,0000-00-00 00:00:00,1.0
openlabroma,4,0,48,2,1.3790955E9,1.385208217E9,71.0,1,1,4,0,0,0,0,,0,0,0,0,0,0,2013-09-01 00:00:00,http://open.laboratorio.tv,,20,41381.55,5,0,14,0,0,0,4,5,2013-10-12 11:38:54,3.0
openwims,5,0,55,3,1.36994185E9,1.38417763E9,165.0,0,1,2,0,0,0,0,,0,0,0,0,0,0,2013-05-03 00:00:00,http://openwims.org/,,20,38684.9,5,0,14,1,0,0,5,5,2013-06-26 15:59:14,3.0
opesun,23,0,611,2,1.338219639E9,1.37231986E9,395.0,1,1,2,117,25,151,90,,0,32,28,1,1,1,2011-12-01 00:00:00,,,0,0.0,0,0,0,0,0,0,0,0,0000-00-00 00:00:00,2.0
osmItalia,2,0,12,3,1.381335885E9,1.38419574E9,34.0,0,1,1,0,0,0,0,,0,0,0,0,0,0,1000-01-01 00:00:00,,,0,0.0,0,0,0,0,0,0,0,0,0000-00-00 00:00:00,1.0
ottawagranite,1,0,25,2,1.372904694E9,1.38273124E9,114.0,0,1,2,0,0,0,0,,0,0,1,0,0,0,2013-07-00 00:00:00,http://www.ottawagranite.com,,0,0.0,0,0,0,0,0,0,0,0,0000-00-00 00:00:00,3.0
ozinger,3,0,20,3,1.342891181E9,1.370354504E9,318.0,0,1,2,7,11,1,1,,0,2,1,0,0,0,2012-07-02 00:00:00,http://ozinger.org/,,10,58838.82,2,0,4,2,0,0,1,2,2012-08-31 13:53:29,2.0
pads-fhs,3,1,22,3,1.334158202E9,1.346239327E9,140.0,1,1,1,3,7,0,0,,0,0,0,0,0,0,1000-01-01 00:00:00,,,0,0.0,0,0,0,0,0,0,0,0,0000-00-00 00:00:00,1.0
pal-robotics,29,12,645,9,1.33173651E9,1.385383525E9,621.0,3,1,3,34,12,23,30,,0,3,19,0,0,0,2011-10-01 00:00:00,http://www.pal-robotics.com,,0,0.0,0,0,0,0,0,0,0,0,0000-00-00 00:00:00,3.0
paper-trail,2,2,9,1,1.374212208E9,1.37695783E9,32.0,1,1,1,0,0,0,0,,0,0,0,0,0,0,1000-01-01 00:00:00,,,0,0.0,0,0,0,0,0,0,0,0,0000-00-00 00:00:00,2.0
papertank,2,0,6,1,1.371848348E9,1.384519691E9,147.0,0,1,1,2,1,0,0,,0,0,0,0,0,0,2010-11-02 00:00:00,www.papertank.co.uk,,0,0.0,0,0,0,0,0,0,0,0,0000-00-00 00:00:00,3.0
parisdevops,1,0,33,3,1.337084576E9,1.385026784E9,555.0,1,1,1,0,1,0,0,,0,0,3,0,0,0,2011-03-02 00:00:00,http://parisdevops.fr/,,0,0.0,0,0,0,0,0,0,0,0,0000-00-00 00:00:00,3.0
peoples-e,2,1,47,1,1.364598469E9,1.385157137E9,238.0,1,1,1,0,0,1,0,,0,0,0,0,0,0,2013-03-02 00:00:00,http://thepeoplesebook.net/,,13,30051.67,1,0,12,0,0,0,1,1,2013-04-19 20:54:39,2.0
percolatestudio,15,6,289,5,1.348010495E9,1.385354839E9,433.0,3,1,2,113,18,12,10,,0,1,2,1,1,1,2011-03-00 00:00:00,http://percolatestudio.com,,0,0.0,0,0,0,0,0,0,0,0,0000-00-00 00:00:00,3.0
performous,4,1,489,9,1.353078449E9,1.384336057E9,362.0,2,1,2,32,18,78,261,,0,6,9,0,0,0,2012-11-01 00:00:00,http://performous.org,,20,683.52,11,0,0,0,0,0,3,11,2012-11-16 08:34:53,2.0
phantomtype,1,0,9,1,1.353034427E9,1.376386109E9,271.0,0,1,1,0,0,0,0,,0,0,0,0,0,0,2012-06-02 00:00:00,http://www.phantomtype.com/,,0,0.0,0,0,0,0,0,0,0,0,0000-00-00 00:00:00,3.0
phoenixnap,1,0,20,1,1.343184764E9,1.345653524E9,29.0,0,1,2,2,0,0,0,,0,0,0,0,0,0,2012-07-02 00:00:00,www.phoenixnap.com,,8,41411.05,2,0,6,0,0,0,1,2,2012-08-22 16:38:44,3.0
phpYABS,5,0,114,1,1.332283049E9,1.365261776E9,382.0,1,1,2,6,1,0,0,,0,0,0,0,0,0,2010-08-01 00:00:00,http://phpyabs.com/,,0,0.0,0,0,0,0,0,0,0,0,0000-00-00 00:00:00,2.0
phsz,1,0,3,1,1.357735852E9,1.366624318E9,103.0,0,1,0,0,0,0,0,,0,0,0,0,0,0,1000-01-01 00:00:00,,,0,0.0,0,0,0,0,0,0,0,0,0000-00-00 00:00:00,1.0
pikapay,1,0,4,2,1.376740203E9,1.382272909E9,65.0,1,1,1,1,0,0,0,,0,0,0,0,0,0,2012-12-01 00:00:00,www.PikaPay.com,,0,0.0,0,0,0,0,0,0,0,0,0000-00-00 00:00:00,3.0
plasticpanda,39,6,552,6,1.371054441E9,1.385381101E9,166.0,7,1,4,0,0,0,0,1,0,0,1,0,0,0,2012-08-02 00:00:00,http://plasticpanda.github.com,,0,0.0,0,0,0,0,0,0,0,0,0000-00-00 00:00:00,1.0
playthecall,1,0,347,13,1.353075079E9,1.379571973E9,307.0,1,1,2,12,10,230,266,,0,37,34,0,0,0,1000-01-01 00:00:00,,,0,0.0,0,0,0,0,0,0,0,0,0000-00-00 00:00:00,2.0
pocl,1,0,154,5,1.377166885E9,1.385374106E9,95.0,1,1,1,0,0,0,0,,0,0,14,0,0,0,2013-08-02 00:00:00,http://portablecl.org,,20,1237.53,2,0,5,8,2,0,1,2,2013-08-23 06:03:44,2.0
poezio,1,0,16,1,1.362089896E9,1.372197868E9,117.0,0,1,1,0,0,0,0,,0,0,0,0,0,0,1000-01-01 00:00:00,,,0,0.0,0,0,0,0,0,0,0,0,0000-00-00 00:00:00,0.0
posmagroup,2,1,86,3,1.349815011E9,1.378927814E9,337.0,0,1,3,1,2,22,15,,0,14,24,0,0,0,2012-10-00 00:00:00,www.posmagroup.com,,20,40447.72,2,1,14,0,0,4,1,2,2012-11-06 21:44:34,3.0
prime,2,2,9,1,1.333562428E9,1.363286085E9,345.0,2,1,1,1,0,0,0,,0,0,0,0,0,0,2010-04-01 00:00:00,http://www.primesystems.com.br,,0,0.0,0,0,0,0,0,0,0,0,0000-00-00 00:00:00,3.0
primo-io,1,0,5,1,1.380057795E9,1.384882406E9,56.0,0,1,1,0,0,0,0,,0,0,0,0,0,0,2013-09-02 00:00:00,,,8,83391.32,3,0,5,0,0,0,1,3,2013-11-19 17:33:26,1.0
processing-js,2,1,154,2,1.332192001E9,1.384381512E9,605.0,2,1,2,1495,313,0,100,,56,84,67,1,2,2,2011-11-01 00:00:00,http://processingjs.org,,0,0.0,0,0,0,0,0,0,0,0,0000-00-00 00:00:00,2.0
prometheus-ev,3,1,109,2,1.331562689E9,1.364804344E9,385.0,3,1,3,8,0,0,0,,0,0,0,0,0,0,2010-01-00 00:00:00,http://prometheus-bildarchiv.de,,0,0.0,0,0,0,0,0,0,0,0,0000-00-00 00:00:00,3.0
pse3,1,0,624,7,1.362403517E9,1.369649817E9,84.0,0,2,2,1,0,179,176,,0,0,0,0,0,0,1000-01-01 00:00:00,,,0,0.0,0,0,0,0,0,0,0,0,0000-00-00 00:00:00,1.0
puphpet,30,22,531,2,1.369150715E9,1.384385192E9,177.0,7,1,4,72,17,48,129,,0,13,49,0,0,0,2013-05-02 00:00:00,https://puphpet.com,,20,701.08,0,0,8,2,5,3,2,0,2013-05-22 03:12:43,2.0
qooxdoo,11,3,6436,16,1.331521207E9,1.385395141E9,624.0,4,1,2,303,117,2,65,4,0,51,36,1,6,6,2009-07-01 00:00:00,http://qooxdoo.org,,0,0.0,0,0,0,0,0,0,0,0,0000-00-00 00:00:00,2.0
qpsmtpd-dev,1,1,65,1,1.340687069E9,1.375740398E9,406.0,1,1,1,6,4,0,1,,0,2,2,1,1,1,2012-06-02 00:00:00,http://smtpd.develooper.com/,,9,9120.78,0,2,6,2,0,0,1,0,2012-07-02 12:44:54,0.0
r2v,3,0,14,2,1.381278656E9,1.382250637E9,12.0,1,1,3,0,0,0,0,,0,0,0,0,0,0,1000-01-01 00:00:00,,,0,0.0,0,0,0,0,0,0,0,0,0000-00-00 00:00:00,1.0
rappidio,1,0,29,4,1.381989664E9,1.38277918E9,10.0,0,1,1,0,0,0,0,,0,0,0,0,0,0,1000-01-01 00:00:00,,,0,0.0,0,0,0,0,0,0,0,0,0000-00-00 00:00:00,1.0
realexpayments,1,0,7,1,1.362747087E9,1.373373893E9,123.0,1,1,0,0,0,0,0,,0,0,0,0,0,0,2013-03-00 00:00:00,https://resourcecentre.realexpayments.com/,,3,24.63,1,0,2,0,0,0,1,1,2013-03-08 12:52:02,3.0
redpaperheart,9,1,70,3,1.332796657E9,1.384793698E9,602.0,3,1,3,14,4,0,0,,0,0,1,0,0,0,2011-09-00 00:00:00,http://www.redpaperheart.com,,0,0.0,0,0,0,0,0,0,0,0,0000-00-00 00:00:00,3.0
reedbusinessmedia,2,1,4,2,1.350564058E9,1.366889445E9,189.0,0,1,2,0,0,0,0,,0,0,0,0,0,0,2012-05-00 00:00:00,http://www.reedbusiness.nl/,,0,0.0,0,0,0,0,0,0,0,0,0000-00-00 00:00:00,3.0
reembox,2,0,12,2,1.371464471E9,1.375813388E9,51.0,0,1,1,0,0,0,0,,0,0,0,0,0,0,2013-06-01 00:00:00,www.reembox.com,,20,60409.12,2,0,9,0,0,0,2,2,2013-07-29 08:45:07,3.0
ries-tech,5,0,70,3,1.346329961E9,1.374660438E9,328.0,0,1,3,39,18,59,101,,0,6,4,0,0,0,2012-08-03 00:00:00,www.ries.com.tr,,20,1261.37,1,0,9,2,8,0,2,1,2012-08-31 09:12:02,3.0
robertsimmigration,1,0,13,1,1.372124679E9,1.382047698E9,115.0,1,1,2,0,0,0,0,,0,0,0,0,0,0,1000-01-01 00:00:00,,,0,0.0,0,0,0,0,0,0,0,0,0000-00-00 00:00:00,3.0
robocodejava303,1,0,34,4,1.364487601E9,1.365605473E9,13.0,1,1,0,0,0,0,0,,0,0,0,0,0,0,1000-01-01 00:00:00,,,0,0.0,0,0,0,0,0,0,0,0,0000-00-00 00:00:00,1.0
robotology-playground,4,0,21,1,1.380149994E9,1.384714123E9,53.0,0,1,1,0,0,0,0,,0,0,0,0,0,0,2013-09-02 00:00:00,,,20,39599.83,6,0,14,0,0,0,3,6,2013-10-23 09:15:58,1.0
rocketstud-io,2,2,14,1,1.377278382E9,1.381958849E9,55.0,1,1,2,0,0,0,0,,0,0,0,0,0,0,2013-05-02 00:00:00,http://www.rocketstud.io,,0,0.0,0,0,0,0,0,0,0,0,0000-00-00 00:00:00,1.0
rosjava,15,0,428,5,1.355652788E9,1.385275956E9,343.0,2,1,3,9,21,690,343,,0,7,54,0,0,0,1000-01-01 00:00:00,,,0,0.0,0,0,0,0,0,0,0,0,0000-00-00 00:00:00,1.0
ruby-amqp,18,7,1230,4,1.331472432E9,1.385376772E9,624.0,11,1,3,543,205,336,976,,0,141,132,4,13,8,2011-01-00 00:00:00,http://rubybunny.info,,0,0.0,0,0,0,0,0,0,0,0,0000-00-00 00:00:00,2.0
saltstack,25,0,12129,17,1.331451E9,1.385391818E9,625.0,4,2,8,2508,1426,6020,20717,2,35,4241,6054,2,2,1,2011-10-02 00:00:00,http://saltstack.com,,0,0.0,0,0,0,0,0,0,0,0,0000-00-00 00:00:00,3.0
scalient,3,2,26,1,1.346089814E9,1.38091224E9,404.0,3,1,2,0,0,0,0,,0,0,0,0,0,0,2012-05-01 00:00:00,http://www.scalient.net/,,0,0.0,0,0,0,0,0,0,0,0,0000-00-00 00:00:00,3.0
screenovate,5,7,11,3,1.357155745E9,1.374050167E9,196.0,1,1,3,0,0,0,0,,0,0,0,0,0,0,2009-01-02 00:00:00,http://screenovate.com,,0,0.0,0,0,0,0,0,0,0,0,0000-00-00 00:00:00,3.0
secure-endpoints,5,1,19,2,1.338682411E9,1.380913735E9,489.0,4,1,1,0,0,0,0,,0,0,0,0,0,0,2010-02-01 00:00:00,https://www.secure-endpoints.com,,0,0.0,0,0,0,0,0,0,0,0,0000-00-00 00:00:00,3.0
seedboxtech,3,1,19,3,1.364501697E9,1.385039026E9,238.0,1,1,3,0,0,0,0,,0,0,0,0,0,0,2013-02-01 00:00:00,www.seedbox.com,,5,22287.5,2,1,3,0,0,0,2,2,2013-04-13 04:07:46,3.0
semfact,14,3,242,2,1.332331192E9,1.38522018E9,613.0,4,1,6,5,4,1,3,3,0,3,23,0,0,0,2012-01-02 00:00:00,,,0,0.0,0,0,0,0,0,0,0,0,0000-00-00 00:00:00,1.0
servemoore,1,0,150,4,1.370020661E9,1.381884538E9,138.0,0,1,1,2,2,21,6,,0,4,5,0,0,0,2013-05-03 00:00:00,servemoore.com,,20,1625.75,1,0,11,0,8,0,1,1,2013-06-01 20:13:45,3.0
shawstl,1,0,10,1,1.382417569E9,1.385260774E9,33.0,0,1,1,0,0,0,0,,0,0,0,0,0,0,1000-01-01 00:00:00,,,0,0.0,0,0,0,0,0,0,0,0,0000-00-00 00:00:00,3.0
shopping24,11,10,106,11,1.33276693E9,1.385053447E9,606.0,5,1,4,1,0,0,0,,0,0,0,0,0,0,2011-01-01 00:00:00,developer.s24.com,,0,0.0,0,0,0,0,0,0,0,0,0000-00-00 00:00:00,3.0
signasol,2,2,54,1,1.359155803E9,1.385393331E9,304.0,0,2,2,0,0,0,0,,0,0,0,0,0,0,2013-01-02 00:00:00,www.signasol.co.uk,,12,8465.43,5,0,7,0,0,0,1,5,2013-01-31 19:47:02,3.0
silver-fedsearch,8,0,28,1,1.346438096E9,1.346938213E9,6.0,0,1,1,5,0,0,0,,0,0,0,0,0,0,1000-01-01 00:00:00,,,0,0.0,0,0,0,0,0,0,0,0,0000-00-00 00:00:00,1.0
silverbullet-dk,2,0,6,2,1.382703178E9,1.385323457E9,31.0,0,1,2,0,0,0,0,,0,0,0,0,0,0,1000-01-01 00:00:00,,,0,0.0,0,0,0,0,0,0,0,0,0000-00-00 00:00:00,1.0
sippeproject,3,0,16,1,1.357596621E9,1.380800906E9,269.0,0,1,1,1,0,0,0,,0,0,0,0,0,0,2012-08-01 00:00:00,,,0,0.0,0,0,0,0,0,0,0,0,0000-00-00 00:00:00,1.0
slimta,11,0,226,1,1.37606546E9,1.384485777E9,98.0,1,1,2,0,0,0,0,,0,0,2,0,0,0,2013-08-00 00:00:00,http://slimta.org/,,20,379.93,4,0,16,0,0,0,4,4,2013-08-09 22:47:36,2.0
snap-stanford,4,1,438,12,1.349843203E9,1.385117536E9,409.0,0,3,2,66,49,10,21,,0,24,35,0,0,0,1000-01-01 00:00:00,,,0,0.0,0,0,0,0,0,0,0,0,0000-00-00 00:00:00,3.0
snhcode,1,0,12,2,1.365289671E9,1.367351507E9,24.0,0,1,1,0,0,0,0,,0,0,0,0,0,0,1000-01-01 00:00:00,,,0,0.0,0,0,0,0,0,0,0,0,0000-00-00 00:00:00,1.0
snipux,3,0,7,1,1.342242004E9,1.373700196E9,365.0,0,1,1,0,0,0,0,,0,0,0,0,0,0,1000-01-01 00:00:00,,,0,0.0,0,0,0,0,0,0,0,0,0000-00-00 00:00:00,1.0
soleilnoir,4,5,9,2,1.360576631E9,1.369335315E9,102.0,3,1,2,0,0,0,0,,0,0,0,0,0,0,2012-07-01 00:00:00,http://www.soleilnoir.net,,0,0.0,0,0,0,0,0,0,0,0,0000-00-00 00:00:00,3.0
sonalight,4,0,90,2,1.346937893E9,1.362716589E9,183.0,0,1,3,4,4,4,0,,0,0,0,0,0,0,1000-01-01 00:00:00,,,0,0.0,0,0,0,0,0,0,0,0,0000-00-00 00:00:00,
sourceallies,4,1,56,3,1.338765615E9,1.379682597E9,474.0,1,1,4,0,4,12,12,,0,4,4,0,0,0,2011-04-02 00:00:00,http://sourceallies.com,,0,0.0,0,0,0,0,0,0,0,0,0000-00-00 00:00:00,3.0
spectra-scope,1,0,52,2,1.382140857E9,1.385105515E9,35.0,1,1,2,0,0,0,0,,0,0,0,0,0,0,1000-01-01 00:00:00,,,0,0.0,0,0,0,0,0,0,0,0,0000-00-00 00:00:00,1.0
sportsynergy,3,0,180,1,1.332382346E9,1.38169051E9,571.0,1,1,2,2,0,6,0,1,0,0,0,0,0,0,2010-09-01 00:00:00,sportsynergy.net,,0,0.0,0,0,0,0,0,0,0,0,0000-00-00 00:00:00,3.0
srv,34,2,746,7,1.332244101E9,1.385034418E9,611.0,2,1,3,34,13,36,78,,0,2,3,0,0,0,2012-03-01 00:00:00,http://srv.uib.es,,0,0.0,0,0,0,0,0,0,0,0,0000-00-00 00:00:00,3.0
stackableio,6,0,56,2,1.369165855E9,1.379810347E9,124.0,0,1,3,0,0,0,0,,0,0,0,0,0,0,2013-05-02 00:00:00,http://www.stackable.io,,20,24486.97,6,0,14,0,0,0,3,6,2013-06-07 19:49:34,1.0
standard-analytics,10,1,114,2,1.384006932E9,1.385395077E9,17.0,2,1,2,0,0,0,0,,0,0,0,0,0,0,2013-05-01 00:00:00,http://epy.io,,0,0.0,0,0,0,0,0,0,0,0,0000-00-00 00:00:00,3.0
storyandstructure,6,3,102,3,1.366211689E9,1.383767372E9,204.0,1,1,3,1,1,37,8,,0,0,0,0,0,0,2013-04-01 00:00:00,http://storyandstructure.com,,0,0.0,0,0,0,0,0,0,0,0,0000-00-00 00:00:00,3.0
structurait,1,0,7,1,1.367658873E9,1.3732871E9,66.0,0,1,1,0,0,0,0,,0,0,0,0,0,0,1000-01-01 00:00:00,,,0,0.0,0,0,0,0,0,0,0,0,0000-00-00 00:00:00,1.0
subsis,5,2,154,3,1.33784523E9,1.384159056E9,537.0,2,1,2,7,5,1,6,,0,2,0,0,0,0,2011-07-02 00:00:00,www.subsis.com,,0,0.0,0,0,0,0,0,0,0,0,0000-00-00 00:00:00,3.0
sx4it,6,0,518,7,1.332085627E9,1.376819846E9,518.0,2,1,3,7,0,80,4,,0,0,0,0,0,0,1000-01-01 00:00:00,,,0,0.0,0,0,0,0,0,0,0,0,0000-00-00 00:00:00,3.0
tbpro,14,0,171,2,1.34314385E9,1.385066844E9,486.0,9,1,2,3,9,6,19,,0,6,4,0,0,0,2012-07-02 00:00:00,http://www.tbpro.de,,8,2977.63,2,0,6,0,0,0,1,2,2012-07-25 22:37:17,1.0
tendenci,14,2,2432,16,1.333473358E9,1.385158595E9,599.0,4,1,3,157,52,67,50,,3,32,26,1,2,2,2012-03-02 00:00:00,www.tendenci.org,,0,0.0,0,0,0,0,0,0,0,0,0000-00-00 00:00:00,2.0
terwoord,2,0,58,1,1.334480008E9,1.374560475E9,464.0,1,1,1,4,9,12,4,,0,2,2,1,1,0,2012-04-01 00:00:00,,,0,0.0,0,0,0,0,0,0,0,0,0000-00-00 00:00:00,1.0
testmycode,12,0,901,3,1.331713654E9,1.383605988E9,601.0,3,1,4,20,19,167,69,,0,16,17,0,0,0,1000-01-01 00:00:00,,,0,0.0,0,0,0,0,0,0,0,0,0000-00-00 00:00:00,2.0
thebbgroup,3,2,11,2,1.360155544E9,1.378221271E9,210.0,1,1,1,0,1,2,5,,0,3,6,0,0,0,2013-02-00 00:00:00,,,20,1545.12,2,0,3,0,6,2,1,2,2013-02-07 12:24:15,3.0
thefwdco,3,0,5,1,1.372714499E9,1.376186871E9,41.0,0,1,2,0,0,0,0,,0,0,0,0,0,0,1000-01-01 00:00:00,,,0,0.0,0,0,0,0,0,0,0,0,0000-00-00 00:00:00,
theworkers,8,3,257,2,1.332241656E9,1.3801056E9,554.0,4,1,3,5,1,31,2,,0,3,3,0,0,0,2010-07-02 00:00:00,theworkers.net,,0,0.0,0,0,0,0,0,0,0,0,0000-00-00 00:00:00,3.0
tier1ops,3,0,20,1,1.380289591E9,1.382960405E9,31.0,0,1,2,0,0,0,0,,0,0,0,0,0,0,1000-01-01 00:00:00,,,0,0.0,0,0,0,0,0,0,0,0,0000-00-00 00:00:00,1.0
tmobile,1,1,8,1,1.340297054E9,1.345667183E9,63.0,1,1,0,5,25,1,2,,0,0,0,0,0,0,1000-01-01 00:00:00,,,0,0.0,0,0,0,0,0,0,0,0,0000-00-00 00:00:00,3.0
torservers,2,0,9,3,1.384881567E9,1.385331666E9,6.0,0,1,2,0,0,0,0,,0,0,0,0,0,0,2013-11-00 00:00:00,https://www.torservers.net/,,17,10507.87,4,0,12,1,0,0,2,4,2013-11-27 00:24:48,3.0
tracknalysis,9,0,138,1,1.337827171E9,1.355720033E9,208.0,0,1,1,1,0,0,0,,0,0,0,0,0,0,1000-01-01 00:00:00,,,0,0.0,0,0,0,0,0,0,0,0,0000-00-00 00:00:00,2.0
treehouseagency,3,7,19,1,1.334177409E9,1.37884032E9,517.0,3,1,2,72,59,10,11,,0,3,6,0,0,0,2011-02-02 00:00:00,treehouseagency.com,,0,0.0,0,0,0,0,0,0,0,0,0000-00-00 00:00:00,3.0
triadphp,2,0,63,1,1.373010184E9,1.384928887E9,138.0,0,1,1,0,0,0,0,,0,0,0,0,0,0,2013-07-00 00:00:00,,,0,0.0,0,0,0,0,0,0,0,0,0000-00-00 00:00:00,1.0
try-hubot,2,0,56,1,1.343015998E9,1.344032815E9,12.0,2,1,2,4,2,0,0,,0,2,2,0,0,0,1000-01-01 00:00:00,,,0,0.0,0,0,0,0,0,0,0,0,0000-00-00 00:00:00,
tterp,2,1,102,3,1.376371936E9,1.384849375E9,99.0,1,1,1,0,0,0,0,,0,0,2,0,0,0,2013-07-01 00:00:00,http://tterp.ru,,0,0.0,0,0,0,0,0,0,0,0,0000-00-00 00:00:00,3.0
tutulu,2,0,16,2,1.35621464E9,1.35750906E9,15.0,0,1,2,0,0,0,0,,0,0,0,0,0,0,1000-01-01 00:00:00,,,0,0.0,0,0,0,0,0,0,0,0,0000-00-00 00:00:00,1.0
uji-ros-pkg,11,0,235,2,1.3686469E9,1.385034803E9,190.0,0,1,1,1,1,1,0,,0,0,8,0,0,0,1000-01-01 00:00:00,,,0,0.0,0,0,0,0,0,0,0,0,0000-00-00 00:00:00,3.0
ull-etsii-sistemas-operativos,2,0,196,1,1.357941923E9,1.382618284E9,286.0,1,1,3,0,0,0,0,,0,0,0,0,0,0,2012-12-01 00:00:00,http://goo.gl/5hufC,,3,47.0,3,0,0,0,0,0,2,3,2012-12-21 23:58:51,3.0
unhcr,7,3,86,3,1.360907327E9,1.379444975E9,215.0,7,1,4,0,1,1,0,,0,0,0,0,0,0,2013-02-01 00:00:00,http://data.unhcr.org,,20,9981.03,5,0,15,0,0,0,3,5,2013-02-21 16:34:19,3.0
unihallresclub,4,2,40,2,1.35217779E9,1.362890212E9,124.0,3,1,1,0,0,0,0,,0,1,1,0,0,0,2012-11-00 00:00:00,http://www.unihallresclub.com,,20,59053.63,1,2,17,0,0,2,2,1,2012-12-17 04:38:12,3.0
usgo,2,1,537,3,1.331505914E9,1.385356548E9,624.0,1,1,2,5,4,23,15,,0,1,6,0,0,0,2010-12-00 00:00:00,http://www.usgo.org,,0,0.0,0,0,0,0,0,0,0,0,0000-00-00 00:00:00,3.0
ve-interactive,4,1,49,2,1.360232537E9,1.377177938E9,197.0,1,1,1,0,0,0,0,,0,0,0,0,0,0,2012-10-02 00:00:00,http://www.veinteractive.com/,,0,0.0,0,0,0,0,0,0,0,0,0000-00-00 00:00:00,3.0
vispractice,1,1,5,2,1.36428951E9,1.372130425E9,91.0,1,1,1,0,0,0,0,,0,0,0,0,0,0,2013-01-00 00:00:00,http://www.vispractice.com/,,0,0.0,0,0,0,0,0,0,0,0,0000-00-00 00:00:00,3.0
vpsfarm,1,0,3,1,1.342803521E9,1.347806887E9,58.0,0,1,0,0,0,0,0,,0,0,0,0,0,0,1000-01-01 00:00:00,,,0,0.0,0,0,0,0,0,0,0,0,0000-00-00 00:00:00,
w2ogroup,9,10,135,8,1.354745653E9,1.383951482E9,339.0,2,1,3,0,0,0,0,,6,0,9,0,0,0,1000-01-01 00:00:00,,,0,0.0,0,0,0,0,0,0,0,0,0000-00-00 00:00:00,3.0
wallety,3,0,21,3,1.351785033E9,1.37926045E9,319.0,0,1,1,0,0,0,0,,0,0,3,0,0,0,2012-11-00 00:00:00,http://wallety.com,,17,5746.22,6,0,11,0,0,0,2,6,2012-11-05 15:27:31,3.0
wapm,7,0,66,2,1.35251717E9,1.358960237E9,75.0,0,1,1,2,0,5,0,,0,0,0,0,0,0,1000-01-01 00:00:00,,,0,0.0,0,0,0,0,0,0,0,0,0000-00-00 00:00:00,0.0
washingtonpost,12,5,288,5,1.342577996E9,1.384990531E9,491.0,2,1,4,41,14,4,2,,0,3,4,0,0,0,2012-07-01 00:00:00,http://developer.washingtonpost.com,,20,8564.4,2,2,11,0,2,0,4,2,2012-07-18 14:05:08,3.0
wbi0737,4,0,15,2,1.364075968E9,1.366057887E9,23.0,0,1,2,0,0,0,0,,0,0,0,0,0,0,1000-01-01 00:00:00,,,0,0.0,0,0,0,0,0,0,0,0,0000-00-00 00:00:00,1.0
webdetails,45,20,5982,29,1.331482799E9,1.385388532E9,624.0,8,2,5,98,109,54,85,,0,89,89,0,0,0,2011-11-00 00:00:00,www.webdetails.pt,,0,0.0,0,0,0,0,0,0,0,0,0000-00-00 00:00:00,3.0
webflow,3,3,6,1,1.366237685E9,1.377967598E9,136.0,2,1,2,0,0,0,0,,0,0,0,0,0,0,2011-11-03 00:00:00,www.webflow.com,,0,0.0,0,0,0,0,0,0,0,0,0000-00-00 00:00:00,3.0
websdotcom,10,10,46,8,1.333997113E9,1.384984856E9,591.0,6,2,3,4,15,2,3,,0,3,2,0,0,0,2010-05-00 00:00:00,http://www.webs.com/,,0,0.0,0,0,0,0,0,0,0,0,0000-00-00 00:00:00,3.0
wemakeawesomeshit,9,1,67,3,1.351310194E9,1.382795141E9,365.0,2,1,4,9,4,5,2,,0,1,2,0,0,0,2012-06-02 00:00:00,http://wemakeawesomesh.it,,0,0.0,0,0,0,0,0,0,0,0,0000-00-00 00:00:00,3.0
whatwg,21,2,1260,12,1.346485328E9,1.38539155E9,451.0,18,1,4,117,28,14,71,,0,19,13,0,0,0,2012-08-02 00:00:00,http://www.whatwg.org/,,20,23186.83,8,0,12,0,0,0,5,8,2012-09-13 08:25:57,3.0
whytedev,2,1,16,3,1.351984792E9,1.365888162E9,161.0,1,1,1,0,0,0,0,,0,0,0,0,0,0,1000-01-01 00:00:00,,,0,0.0,0,0,0,0,0,0,0,0,0000-00-00 00:00:00,1.0
wicketstuff,3,0,500,19,1.331556737E9,1.385372015E9,623.0,3,2,2,169,167,156,430,,0,107,100,2,22,18,2010-07-00 00:00:00,http://wicketstuff.org,,0,0.0,0,0,0,0,0,0,0,0,0000-00-00 00:00:00,2.0
widop,21,11,481,7,1.332243101E9,1.385241124E9,614.0,3,1,3,89,43,81,158,,0,61,87,0,0,0,2011-11-00 00:00:00,www.widop.com,,0,0.0,0,0,0,0,0,0,0,0,0000-00-00 00:00:00,3.0
workhub,2,0,124,1,1.342519358E9,1.343503872E9,12.0,0,1,1,6,0,2,0,,0,0,0,0,0,0,2011-10-02 00:00:00,http://www.workhub.com,,0,0.0,0,0,0,0,0,0,0,0,0000-00-00 00:00:00,3.0
wp-mirrors,15,0,20,1,1.369323319E9,1.385109672E9,183.0,15,1,2,0,5,0,2,,0,1,0,0,0,0,2013-05-02 00:00:00,http://wp-repository.org/mirrors,,20,225.87,12,0,7,0,0,0,10,12,2013-05-23 19:50:51,3.0
wriiite,1,0,52,2,1.380293531E9,1.385394474E9,60.0,0,1,1,0,0,0,0,,0,0,1,0,0,0,2013-09-02 00:00:00,,,20,6308.87,2,0,18,0,0,0,1,2,2013-10-01 21:47:53,1.0
xcommerce,27,27,518,17,1.331831375E9,1.384972145E9,616.0,5,1,7,187,85,16,26,,0,24,17,0,0,0,2011-07-01 00:00:00,https://www.x.com,,0,0.0,0,0,0,0,0,0,0,0,0000-00-00 00:00:00,3.0
xwiki,10,1,9433,16,1.331520898E9,1.385392429E9,624.0,7,2,2,86,256,0,150,,0,165,211,2,7,7,2010-11-01 00:00:00,http://xwiki.org/,,0,0.0,0,0,0,0,0,0,0,0,0000-00-00 00:00:00,2.0
yardstick,21,24,122,4,1.333056538E9,1.385175951E9,604.0,11,1,5,9,11,0,0,1,0,0,2,0,0,0,2009-01-00 00:00:00,http://GetYardstick.com/,,0,0.0,0,0,0,0,0,0,0,0,0000-00-00 00:00:00,3.0
yaybu,8,0,246,2,1.377782685E9,1.384420194E9,77.0,2,1,4,0,0,0,0,2,0,0,2,0,0,0,2013-08-02 00:00:00,http://yaybu.com/,,21,20008.03,3,0,15,2,1,0,4,3,2013-09-12 10:52:47,2.0
yipit-cookbooks,3,3,14,2,1.374678842E9,1.381939178E9,85.0,2,1,1,0,0,0,0,,0,0,0,0,0,0,1000-01-01 00:00:00,,,0,0.0,0,0,0,0,0,0,0,0,0000-00-00 00:00:00,1.0
yogisoftware,2,0,59,4,1.358833197E9,1.362032559E9,38.0,1,1,1,0,0,12,3,,0,0,0,0,0,0,1000-01-01 00:00:00,,,0,0.0,0,0,0,0,0,0,0,0,0000-00-00 00:00:00,1.0
yomu,1,0,23,1,1.363223315E9,1.371479205E9,96.0,1,1,1,7,0,0,0,,0,0,0,0,0,0,1000-01-01 00:00:00,,,0,0.0,0,0,0,0,0,0,0,0,0000-00-00 00:00:00,0.0
zantekk,7,4,69,1,1.350481539E9,1.365462771E9,174.0,2,1,2,2,1,0,0,,0,0,0,0,0,0,2012-08-00 00:00:00,,,0,0.0,0,0,0,0,0,0,0,0,0000-00-00 00:00:00,1.0
zehnergroup,6,2,22,3,1.343153003E9,1.373386681E9,350.0,0,1,2,1,0,1,2,,0,0,0,0,0,0,2010-11-00 00:00:00,http://zehnergroup.com,,0,0.0,0,0,0,0,0,0,0,0,0000-00-00 00:00:00,3.0
ziften,1,0,4,1,1.372195114E9,1.38496245E9,148.0,0,1,0,0,0,0,0,,0,0,0,0,0,0,2011-07-01 00:00:00,http://www.ziften.com,,0,0.0,0,0,0,0,0,0,0,0,0000-00-00 00:00:00,3.0
